TEAM_NAME,W,L,MIN,E_OFF_RATING,OFF_RATING,E_DEF_RATING,DEF_RATING,E_NET_RATING,NET_RATING,AST_PCT,AST_TO,AST_RATIO,OREB_PCT,DREB_PCT,REB_PCT,TM_TOV_PCT,EFG_PCT,TS_PCT,E_PACE,PACE,PACE_PER40,POSS,PIE
Atlanta Hawks,38,44,3966.0,103.4,104.9,104.1,105.7,-0.7,-0.7,0.667,1.63,18.8,0.256,0.711,0.485,0.159,0.515,0.554,96.9,95.41,79.51,7892,0.502
Boston Celtics,25,57,3946.0,99.7,101.9,105.2,106.5,-5.5,-4.6,0.576,1.37,16.2,0.314,0.708,0.505,0.163,0.477,0.517,95.9,94.28,78.57,7745,0.461
Brooklyn Nets,44,38,3976.0,104.4,105.4,104.9,106.7,-0.6,-1.3,0.585,1.44,16.7,0.26,0.686,0.475,0.155,0.514,0.555,93.7,92.42,77.02,7663,0.492
Charlotte Bobcats,43,39,3981.0,101.2,103.0,101.2,103.3,0.1,-0.4,0.597,1.76,16.9,0.269,0.73,0.5,0.131,0.481,0.522,94.7,92.93,77.44,7712,0.508
Chicago Bulls,48,34,3986.0,99.7,101.7,97.8,99.9,1.9,1.9,0.654,1.52,17.6,0.321,0.713,0.518,0.162,0.471,0.518,92.7,90.84,75.7,7549,0.528
Cleveland Cavaliers,33,49,3986.0,101.3,103.5,104.8,107.0,-3.5,-3.6,0.572,1.49,16.2,0.314,0.711,0.508,0.149,0.479,0.518,95.7,93.69,78.08,7784,0.469
Dallas Mavericks,49,33,3966.0,109.0,109.5,105.9,107.2,3.0,2.3,0.596,1.74,18.0,0.276,0.694,0.487,0.141,0.526,0.564,95.7,94.94,79.12,7852,0.521
Denver Nuggets,36,46,3951.0,103.3,105.1,105.4,107.3,-2.1,-2.2,0.584,1.41,16.4,0.31,0.703,0.505,0.16,0.497,0.536,100.7,98.95,82.46,8146,0.481
Detroit Pistons,29,53,3956.0,102.9,105.2,107.3,109.0,-4.4,-3.7,0.539,1.44,15.6,0.347,0.693,0.511,0.152,0.482,0.514,97.4,95.57,79.64,7874,0.464
Golden State Warriors,51,31,3966.0,105.3,106.3,99.9,101.4,5.4,4.9,0.591,1.53,17.4,0.284,0.724,0.508,0.155,0.517,0.55,98.5,97.37,81.14,8045,0.528
Houston Rockets,54,28,3966.0,108.6,109.8,103.1,105.2,5.5,4.6,0.563,1.33,16.1,0.306,0.7,0.513,0.165,0.531,0.571,98.8,97.27,81.06,8040,0.534
Indiana Pacers,56,26,3956.0,101.5,103.6,96.7,98.9,4.8,4.7,0.56,1.33,15.9,0.296,0.721,0.517,0.162,0.49,0.535,94.9,92.89,77.41,7656,0.545
Los Angeles Clippers,57,25,3951.0,109.4,111.3,102.1,104.0,7.3,7.3,0.628,1.77,18.3,0.288,0.69,0.496,0.143,0.526,0.567,98.4,96.66,80.55,7954,0.548
Los Angeles Lakers,27,55,3941.0,101.9,103.2,107.9,109.3,-6.0,-6.0,0.639,1.62,18.1,0.235,0.676,0.459,0.152,0.505,0.542,101.0,99.72,83.1,8177,0.46
Memphis Grizzlies,50,32,3961.0,103.3,105.5,102.1,103.8,1.2,1.7,0.574,1.59,17.1,0.326,0.718,0.521,0.15,0.494,0.529,92.2,90.58,75.48,7476,0.518
Miami Heat,54,28,3976.0,109.0,110.0,102.9,105.0,6.1,5.1,0.588,1.52,18.1,0.244,0.686,0.476,0.159,0.554,0.59,93.3,91.9,76.58,7615,0.539
Milwaukee Bucks,15,67,3976.0,100.2,101.9,108.9,110.2,-8.7,-8.3,0.596,1.42,16.5,0.31,0.678,0.49,0.161,0.479,0.519,94.3,92.96,77.47,7685,0.449
Minnesota Timberwolves,40,42,3971.0,105.6,107.7,104.1,105.2,1.4,2.6,0.616,1.72,17.3,0.317,0.715,0.508,0.14,0.486,0.535,99.8,98.33,81.94,8139,0.519
New Orleans Pelicans,34,48,3971.0,104.7,106.2,107.3,109.1,-2.6,-3.0,0.563,1.55,16.5,0.305,0.694,0.497,0.147,0.495,0.537,94.5,93.07,77.56,7703,0.483
New York Knicks,37,45,3971.0,105.4,107.0,106.5,108.1,-1.0,-1.1,0.542,1.54,16.0,0.291,0.705,0.492,0.141,0.505,0.541,92.6,91.24,76.04,7556,0.49
Oklahoma City Thunder,59,23,3961.0,108.1,109.4,101.0,103.0,7.1,6.4,0.562,1.43,16.6,0.294,0.722,0.518,0.158,0.52,0.566,97.9,96.33,80.27,7954,0.543
Orlando Magic,23,59,3991.0,99.3,101.0,104.8,106.6,-5.5,-5.7,0.571,1.41,16.4,0.267,0.714,0.49,0.156,0.487,0.525,95.9,94.27,78.56,7837,0.466
Philadelphia 76ers,19,63,3971.0,96.8,99.0,107.5,109.0,-10.7,-10.0,0.576,1.29,16.0,0.29,0.684,0.479,0.168,0.475,0.51,101.6,99.74,83.11,8236,0.426
Phoenix Suns,48,34,3951.0,107.1,108.2,103.8,105.6,3.3,2.6,0.493,1.24,14.7,0.298,0.699,0.5,0.158,0.519,0.558,98.2,96.83,80.69,7973,0.509
Portland Trail Blazers,54,28,3971.0,108.3,110.4,104.7,106.2,3.5,4.2,0.594,1.69,17.2,0.32,0.713,0.517,0.142,0.504,0.548,97.5,95.9,79.91,7930,0.524
Sacramento Kings,28,54,3966.0,102.9,105.1,106.3,107.8,-3.4,-2.7,0.511,1.24,14.6,0.316,0.725,0.518,0.159,0.484,0.532,96.7,95.04,79.2,7840,0.473
San Antonio Spurs,62,20,3951.0,108.2,109.5,100.1,101.4,8.1,8.1,0.621,1.75,19.0,0.261,0.725,0.503,0.15,0.537,0.571,97.1,95.87,79.89,7887,0.555
Toronto Raptors,48,34,3991.0,105.8,107.9,102.4,104.6,3.5,3.3,0.581,1.5,16.4,0.312,0.701,0.505,0.151,0.498,0.545,94.4,92.48,77.07,7696,0.512
Utah Jazz,25,57,3956.0,100.6,102.4,109.1,110.1,-8.4,-7.6,0.564,1.39,16.1,0.297,0.708,0.497,0.158,0.484,0.523,93.6,92.32,76.94,7605,0.451
Washington Wizards,44,38,4011.0,103.3,104.9,102.4,103.6,0.9,1.3,0.601,1.59,17.6,0.286,0.719,0.498,0.153,0.506,0.538,95.5,94.18,78.48,7872,0.504
Atlanta Hawks,60,22,3946.0,106.2,108.2,100.7,102.3,5.6,5.9,0.676,1.81,19.5,0.264,0.697,0.487,0.15,0.527,0.563,96.2,94.66,78.88,7775,0.54
Boston Celtics,40,42,3976.0,101.7,103.8,102.1,103.5,-0.4,0.3,0.629,1.77,18.0,0.289,0.71,0.495,0.142,0.489,0.523,98.4,96.71,80.59,8007,0.498
Brooklyn Nets,38,44,3986.0,101.9,103.4,105.0,106.3,-3.1,-3.0,0.559,1.51,16.3,0.278,0.701,0.491,0.146,0.491,0.529,95.0,93.69,78.07,7777,0.48
Charlotte Hornets,33,49,3981.0,97.6,99.6,101.0,103.0,-3.4,-3.4,0.568,1.69,15.8,0.27,0.746,0.502,0.126,0.456,0.498,95.3,93.45,77.87,7753,0.482
Chicago Bulls,50,32,3976.0,104.7,106.3,101.5,103.3,3.3,3.0,0.593,1.56,16.6,0.312,0.709,0.516,0.147,0.489,0.536,95.4,93.8,78.17,7775,0.529
Cleveland Cavaliers,53,29,3956.0,107.7,110.1,104.1,105.3,3.7,4.8,0.587,1.55,17.1,0.311,0.711,0.513,0.152,0.52,0.557,94.8,93.23,77.69,7682,0.514
Dallas Mavericks,50,32,3976.0,107.2,108.2,103.7,104.9,3.5,3.2,0.567,1.74,17.0,0.269,0.681,0.477,0.133,0.515,0.55,97.4,96.4,80.34,7976,0.521
Denver Nuggets,30,52,3976.0,101.6,103.9,105.5,107.1,-3.9,-3.3,0.577,1.53,16.2,0.303,0.7,0.494,0.146,0.479,0.518,98.7,96.87,80.72,8011,0.465
Detroit Pistons,32,50,3966.0,102.3,104.3,104.2,105.4,-1.8,-1.1,0.582,1.61,16.4,0.316,0.712,0.505,0.142,0.482,0.515,95.2,93.68,78.07,7741,0.478
Golden State Warriors,67,15,3946.0,109.7,110.4,98.2,100.4,11.4,9.9,0.659,1.9,19.7,0.273,0.703,0.498,0.145,0.54,0.571,100.7,99.28,82.74,8170,0.569
Houston Rockets,56,26,3961.0,104.2,106.0,100.5,102.6,3.7,3.4,0.6,1.33,16.5,0.305,0.686,0.496,0.17,0.512,0.548,99.3,97.36,81.14,8037,0.509
Indiana Pacers,38,44,3971.0,100.8,102.9,100.9,102.7,-0.1,0.2,0.586,1.53,16.6,0.286,0.735,0.511,0.148,0.484,0.523,95.5,93.67,78.06,7753,0.505
Los Angeles Clippers,56,26,3946.0,109.8,111.6,103.0,104.7,6.9,6.9,0.629,2.01,18.7,0.272,0.716,0.497,0.129,0.533,0.565,97.0,95.4,79.5,7844,0.54
Los Angeles Lakers,21,61,3986.0,100.8,102.3,108.0,109.4,-7.2,-7.1,0.562,1.58,15.9,0.29,0.72,0.497,0.138,0.473,0.513,96.3,95.03,79.19,7892,0.45
Memphis Grizzlies,55,27,3981.0,103.1,104.8,99.9,101.2,3.1,3.5,0.574,1.62,16.9,0.288,0.716,0.503,0.142,0.489,0.531,94.2,92.82,77.35,7696,0.53
Miami Heat,37,45,3946.0,101.5,103.2,103.8,106.1,-2.4,-3.0,0.564,1.34,16.1,0.284,0.687,0.489,0.161,0.5,0.54,93.3,91.49,76.24,7526,0.492
Milwaukee Bucks,41,41,3986.0,100.5,102.0,99.3,101.4,1.2,0.6,0.627,1.41,17.8,0.29,0.686,0.491,0.175,0.499,0.536,96.5,94.82,79.02,7867,0.511
Minnesota Timberwolves,16,66,3961.0,99.8,101.8,109.6,110.9,-9.8,-9.1,0.593,1.44,16.3,0.311,0.682,0.489,0.156,0.468,0.517,97.0,95.45,79.54,7873,0.453
New Orleans Pelicans,45,37,3956.0,105.4,107.1,104.7,106.3,0.7,0.8,0.581,1.66,17.1,0.309,0.712,0.511,0.143,0.501,0.537,93.7,92.29,76.91,7608,0.508
New York Knicks,17,65,3971.0,97.1,98.9,107.2,109.0,-10.1,-10.1,0.606,1.45,16.7,0.289,0.691,0.484,0.158,0.47,0.508,93.7,92.06,76.72,7618,0.441
Oklahoma City Thunder,45,37,3966.0,104.5,106.7,103.1,104.6,1.3,2.1,0.528,1.4,15.3,0.318,0.73,0.524,0.151,0.492,0.532,98.3,96.61,80.51,7988,0.505
Orlando Magic,25,57,3951.0,99.6,101.0,105.2,106.8,-5.6,-5.9,0.55,1.39,16.2,0.269,0.716,0.491,0.157,0.494,0.524,95.9,94.51,78.76,7773,0.455
Philadelphia 76ers,18,64,3961.0,93.0,94.9,102.1,103.9,-9.1,-9.0,0.609,1.16,15.5,0.293,0.686,0.48,0.183,0.459,0.494,98.3,96.45,80.37,7950,0.426
Phoenix Suns,39,43,3976.0,102.9,104.2,103.4,105.3,-0.5,-1.1,0.522,1.34,15.4,0.281,0.698,0.489,0.154,0.501,0.537,98.7,97.2,81.0,8058,0.491
Portland Trail Blazers,51,31,3971.0,105.5,107.1,101.4,102.8,4.2,4.3,0.567,1.61,16.8,0.282,0.728,0.51,0.142,0.508,0.544,96.5,95.06,79.22,7868,0.522
Sacramento Kings,29,53,3971.0,102.5,104.5,106.5,108.2,-4.0,-3.7,0.554,1.25,15.5,0.313,0.715,0.519,0.168,0.49,0.542,97.9,96.16,80.13,7952,0.485
San Antonio Spurs,55,27,3991.0,106.2,107.6,99.6,101.4,6.6,6.3,0.623,1.75,18.4,0.272,0.73,0.507,0.146,0.517,0.555,95.9,94.45,78.71,7860,0.545
Toronto Raptors,49,33,3971.0,108.1,110.2,104.8,107.1,3.2,3.1,0.547,1.61,16.1,0.301,0.689,0.494,0.137,0.508,0.553,95.4,93.46,77.88,7736,0.506
Utah Jazz,38,44,3941.0,102.5,104.2,102.1,104.1,0.5,0.1,0.563,1.3,15.8,0.332,0.715,0.524,0.168,0.494,0.531,92.8,91.1,75.91,7486,0.507
Washington Wizards,46,36,3991.0,101.8,103.0,100.0,102.4,1.9,0.6,0.627,1.6,18.1,0.288,0.726,0.514,0.157,0.499,0.534,96.0,94.29,78.58,7844,0.525
Atlanta Hawks,48,34,3966.0,103.0,104.6,98.8,100.8,4.1,3.9,0.663,1.71,19.0,0.234,0.698,0.474,0.152,0.516,0.552,99.4,97.63,81.36,8059,0.528
Boston Celtics,48,34,3956.0,103.9,105.8,100.9,102.5,3.0,3.3,0.616,1.76,17.4,0.29,0.707,0.495,0.138,0.488,0.531,101.1,99.43,82.86,8191,0.52
Brooklyn Nets,21,61,3951.0,100.9,102.4,108.5,109.7,-7.6,-7.4,0.583,1.51,17.0,0.279,0.716,0.494,0.153,0.492,0.527,97.4,96.12,80.1,7903,0.46
Charlotte Hornets,48,34,3971.0,105.1,106.4,101.8,103.7,3.3,2.7,0.586,1.73,16.7,0.244,0.754,0.499,0.129,0.502,0.545,97.8,96.24,80.2,7966,0.511
Chicago Bulls,42,40,3981.0,102.1,104.1,103.9,105.5,-1.8,-1.4,0.591,1.64,17.0,0.29,0.714,0.506,0.142,0.487,0.526,98.2,96.6,80.5,8008,0.494
Cleveland Cavaliers,57,25,3971.0,108.1,110.2,102.3,103.9,5.8,6.3,0.587,1.67,17.4,0.294,0.742,0.519,0.143,0.524,0.558,95.5,93.82,78.19,7764,0.528
Dallas Mavericks,42,40,4001.0,104.8,105.5,104.3,105.9,0.6,-0.4,0.592,1.73,17.0,0.241,0.723,0.484,0.132,0.502,0.544,96.4,95.34,79.45,7950,0.503
Denver Nuggets,33,49,3966.0,102.7,104.9,106.4,108.2,-3.7,-3.3,0.601,1.55,16.9,0.304,0.732,0.513,0.151,0.489,0.531,98.2,96.34,80.28,7963,0.479
Detroit Pistons,44,38,3976.0,103.3,105.3,103.4,104.9,-0.2,0.3,0.512,1.44,14.8,0.313,0.753,0.521,0.14,0.491,0.522,97.4,95.75,79.79,7942,0.486
Golden State Warriors,73,9,3976.0,112.5,113.5,100.9,102.8,11.6,10.6,0.68,1.91,20.4,0.267,0.72,0.507,0.15,0.563,0.593,101.6,100.24,83.54,8303,0.567
Houston Rockets,41,41,3966.0,105.5,107.3,105.6,107.3,-0.2,0.0,0.589,1.39,16.4,0.297,0.692,0.492,0.161,0.516,0.553,100.1,98.42,82.02,8139,0.49
Indiana Pacers,45,37,3976.0,102.4,103.8,100.2,102.2,2.2,1.6,0.554,1.43,16.1,0.271,0.714,0.494,0.151,0.497,0.536,99.0,97.35,81.13,8068,0.518
LA Clippers,53,29,3966.0,106.5,107.2,100.9,102.7,5.5,4.5,0.596,1.76,17.4,0.234,0.697,0.472,0.133,0.524,0.556,98.0,96.81,80.68,7995,0.533
Los Angeles Lakers,17,65,3946.0,98.6,100.7,109.3,110.3,-10.7,-9.7,0.513,1.31,14.1,0.271,0.712,0.484,0.142,0.46,0.509,98.0,96.55,80.46,7930,0.424
Memphis Grizzlies,42,40,3966.0,102.6,104.7,105.4,107.1,-2.9,-2.4,0.562,1.56,16.0,0.298,0.709,0.495,0.14,0.477,0.524,95.7,93.95,78.29,7763,0.483
Miami Heat,48,34,3966.0,104.2,105.5,101.5,103.7,2.6,1.7,0.543,1.48,16.3,0.28,0.729,0.512,0.148,0.508,0.545,95.7,94.14,78.45,7779,0.525
Milwaukee Bucks,33,49,3966.0,102.2,103.4,105.7,107.8,-3.5,-4.5,0.603,1.52,17.6,0.286,0.689,0.49,0.159,0.499,0.537,96.6,95.05,79.21,7858,0.483
Minnesota Timberwolves,29,53,3976.0,104.3,105.4,107.1,109.0,-2.8,-3.5,0.619,1.56,17.6,0.279,0.702,0.494,0.155,0.498,0.549,97.6,96.2,80.17,7965,0.497
New Orleans Pelicans,30,52,3956.0,103.2,104.8,107.3,108.4,-4.1,-3.7,0.577,1.65,16.8,0.252,0.748,0.493,0.137,0.498,0.537,98.9,97.64,81.37,8041,0.472
New York Knicks,32,50,3961.0,102.0,103.9,104.8,106.7,-2.8,-2.8,0.557,1.53,16.0,0.28,0.718,0.502,0.142,0.483,0.527,95.8,94.12,78.43,7763,0.487
Oklahoma City Thunder,55,27,3966.0,109.9,112.1,103.0,104.8,6.9,7.4,0.558,1.44,16.7,0.347,0.72,0.541,0.162,0.524,0.565,99.4,97.54,81.28,8061,0.546
Orlando Magic,35,47,3981.0,102.6,104.4,104.6,106.0,-2.0,-1.6,0.596,1.67,17.6,0.271,0.726,0.495,0.144,0.5,0.533,98.2,96.68,80.57,8018,0.488
Philadelphia 76ers,10,72,3961.0,96.6,98.4,106.7,108.6,-10.0,-10.2,0.594,1.31,16.3,0.25,0.693,0.466,0.165,0.487,0.519,100.2,98.44,82.03,8119,0.428
Phoenix Suns,23,59,3941.0,99.4,101.5,107.0,107.9,-7.6,-6.5,0.558,1.21,15.4,0.297,0.733,0.508,0.173,0.487,0.526,100.9,99.39,82.82,8152,0.45
Portland Trail Blazers,44,38,3961.0,106.1,107.6,105.6,106.8,0.6,0.8,0.552,1.46,16.0,0.294,0.728,0.51,0.15,0.511,0.548,98.3,97.06,80.88,8012,0.493
Sacramento Kings,33,49,3961.0,103.3,105.3,106.3,107.6,-3.0,-2.3,0.612,1.52,17.6,0.281,0.717,0.5,0.16,0.51,0.546,102.2,100.66,83.88,8302,0.494
San Antonio Spurs,67,15,3941.0,108.4,109.3,96.6,98.2,11.8,11.1,0.611,1.88,18.8,0.266,0.746,0.516,0.138,0.526,0.564,95.7,94.54,78.78,7767,0.578
Toronto Raptors,56,26,3956.0,107.0,109.3,102.7,104.8,4.3,4.4,0.511,1.43,14.9,0.3,0.736,0.52,0.139,0.504,0.552,95.3,93.35,77.8,7707,0.525
Utah Jazz,40,42,3991.0,103.1,105.0,101.6,103.2,1.6,1.8,0.526,1.27,15.1,0.303,0.731,0.517,0.161,0.501,0.54,93.3,91.66,76.39,7625,0.508
Washington Wizards,41,41,3951.0,102.9,104.5,103.6,105.1,-0.7,-0.5,0.619,1.69,18.1,0.25,0.737,0.49,0.145,0.511,0.544,100.6,99.16,82.63,8163,0.497
Atlanta Hawks,43,39,3976.0,102.3,104.5,103.1,105.2,-0.8,-0.7,0.621,1.5,17.4,0.282,0.717,0.502,0.16,0.504,0.541,99.8,97.76,81.46,8091,0.506
Boston Celtics,53,29,3951.0,108.6,110.6,105.5,108.0,3.1,2.6,0.653,1.9,18.8,0.259,0.705,0.485,0.136,0.525,0.567,99.3,97.21,81.01,8005,0.514
Brooklyn Nets,20,62,3951.0,101.9,103.6,108.0,110.1,-6.1,-6.5,0.566,1.29,15.9,0.241,0.716,0.483,0.162,0.507,0.551,103.6,101.75,84.79,8371,0.46
Charlotte Hornets,36,46,3966.0,106.4,108.4,106.1,108.4,0.3,0.0,0.611,2.01,17.6,0.247,0.749,0.496,0.119,0.501,0.547,97.8,95.92,79.93,7934,0.505
Chicago Bulls,41,41,3956.0,104.6,106.5,104.5,106.2,0.1,0.3,0.584,1.66,16.8,0.311,0.733,0.519,0.14,0.487,0.53,97.7,96.02,80.02,7919,0.504
Cleveland Cavaliers,51,31,3976.0,110.9,112.8,108.0,109.7,2.9,3.1,0.567,1.66,17.1,0.264,0.722,0.499,0.14,0.547,0.58,98.4,96.74,80.61,8019,0.51
Dallas Mavericks,33,49,3956.0,103.7,104.7,106.3,107.7,-2.6,-3.0,0.574,1.75,16.8,0.216,0.733,0.465,0.127,0.505,0.541,94.2,93.11,77.59,7668,0.479
Denver Nuggets,40,42,3951.0,110.0,112.2,110.5,111.7,-0.5,0.4,0.615,1.69,18.2,0.314,0.753,0.532,0.15,0.53,0.568,100.7,99.18,82.65,8167,0.503
Detroit Pistons,37,45,3961.0,103.3,105.3,105.3,106.7,-2.0,-1.4,0.53,1.78,16.1,0.286,0.775,0.519,0.123,0.492,0.521,97.1,95.52,79.6,7890,0.482
Golden State Warriors,67,15,3956.0,113.2,114.8,101.1,103.4,12.1,11.4,0.705,2.06,21.2,0.272,0.709,0.504,0.146,0.563,0.597,102.2,100.37,83.65,8279,0.579
Houston Rockets,55,27,3956.0,111.8,114.1,106.4,108.4,5.4,5.7,0.626,1.67,18.1,0.281,0.717,0.499,0.15,0.545,0.583,102.5,100.55,83.79,8289,0.516
Indiana Pacers,42,40,3971.0,106.2,107.9,106.3,108.1,-0.1,-0.2,0.572,1.63,17.2,0.255,0.713,0.488,0.141,0.516,0.558,98.1,96.59,80.49,7989,0.505
LA Clippers,51,31,3951.0,110.3,111.8,105.8,107.5,4.5,4.4,0.57,1.74,17.2,0.256,0.733,0.501,0.133,0.537,0.574,98.2,96.77,80.64,7968,0.527
Los Angeles Lakers,26,56,3941.0,103.4,105.3,110.6,112.0,-7.2,-6.7,0.532,1.38,15.6,0.284,0.717,0.494,0.153,0.501,0.537,100.8,99.26,82.72,8143,0.446
Memphis Grizzlies,43,39,3981.0,104.7,107.0,104.5,106.5,0.1,0.5,0.584,1.65,16.5,0.295,0.731,0.507,0.137,0.491,0.535,94.7,92.84,77.37,7702,0.501
Miami Heat,41,41,3956.0,105.2,107.4,104.1,106.4,1.0,1.0,0.544,1.58,16.3,0.284,0.718,0.499,0.14,0.512,0.541,97.6,95.51,79.6,7875,0.5
Milwaukee Bucks,42,40,3956.0,106.9,108.5,106.4,108.7,0.5,-0.2,0.624,1.73,18.5,0.26,0.706,0.487,0.146,0.527,0.565,96.7,94.99,79.16,7828,0.504
Minnesota Timberwolves,31,51,3961.0,108.1,110.0,109.1,110.9,-1.0,-0.9,0.6,1.69,17.7,0.309,0.71,0.507,0.146,0.511,0.555,97.1,95.48,79.57,7870,0.501
New Orleans Pelicans,34,48,3981.0,103.3,104.7,104.9,106.8,-1.6,-2.1,0.582,1.77,17.1,0.228,0.728,0.48,0.129,0.504,0.539,100.1,98.56,82.13,8173,0.493
New York Knicks,31,51,3971.0,104.7,107.1,108.7,110.7,-4.1,-3.6,0.551,1.57,16.3,0.305,0.698,0.5,0.143,0.496,0.534,98.6,96.63,80.53,7990,0.482
Oklahoma City Thunder,47,35,3961.0,105.0,107.9,105.1,107.1,-0.2,0.8,0.532,1.4,15.5,0.323,0.742,0.528,0.152,0.5,0.54,100.5,98.18,81.82,8099,0.499
Orlando Magic,29,53,3961.0,101.2,103.7,108.0,110.3,-6.8,-6.5,0.58,1.67,16.8,0.267,0.726,0.491,0.137,0.489,0.524,99.1,96.9,80.75,7989,0.46
Philadelphia 76ers,28,54,3966.0,100.7,102.7,106.4,108.2,-5.7,-5.5,0.631,1.43,17.4,0.273,0.709,0.49,0.167,0.501,0.539,101.0,99.07,82.56,8179,0.47
Phoenix Suns,24,58,3966.0,103.9,106.1,109.3,111.3,-5.4,-5.2,0.491,1.27,14.4,0.299,0.718,0.503,0.152,0.493,0.538,102.9,100.85,84.04,8320,0.462
Portland Trail Blazers,41,41,3986.0,107.8,109.4,107.8,110.0,0.0,-0.6,0.534,1.54,16.0,0.269,0.72,0.496,0.139,0.52,0.559,99.1,97.38,81.15,8088,0.493
Sacramento Kings,32,50,3976.0,104.6,106.6,109.1,110.8,-4.5,-4.2,0.594,1.54,17.3,0.258,0.723,0.492,0.152,0.516,0.556,97.1,95.42,79.52,7911,0.478
San Antonio Spurs,61,21,3961.0,108.8,110.3,100.9,102.9,7.9,7.4,0.606,1.77,18.1,0.282,0.73,0.511,0.141,0.524,0.564,96.4,94.86,79.05,7832,0.551
Toronto Raptors,51,31,3956.0,109.8,111.4,104.9,107.1,4.9,4.3,0.472,1.46,14.5,0.291,0.717,0.505,0.132,0.517,0.561,97.1,95.41,79.51,7867,0.516
Utah Jazz,51,31,3951.0,107.4,109.0,102.7,104.7,4.7,4.3,0.544,1.48,16.2,0.27,0.743,0.514,0.148,0.526,0.563,93.6,92.09,76.75,7579,0.534
Washington Wizards,49,33,3971.0,108.5,110.4,106.9,108.8,1.6,1.7,0.577,1.68,17.6,0.286,0.716,0.501,0.143,0.528,0.564,99.7,97.94,81.62,8109,0.511
Atlanta Hawks,24,58,3941.0,102.4,104.4,108.2,110.1,-5.8,-5.7,0.622,1.53,17.6,0.263,0.719,0.489,0.157,0.512,0.547,100.6,98.76,82.3,8114,0.468
Boston Celtics,55,27,3961.0,105.3,106.8,101.5,103.2,3.7,3.6,0.586,1.6,17.0,0.263,0.739,0.504,0.144,0.518,0.552,98.2,96.75,80.63,7987,0.519
Brooklyn Nets,28,54,3971.0,104.3,106.1,108.5,109.7,-4.2,-3.6,0.619,1.56,17.3,0.251,0.731,0.489,0.151,0.514,0.551,101.1,99.66,83.05,8238,0.474
Charlotte Hornets,36,46,3956.0,107.0,109.0,107.0,109.0,0.0,-0.1,0.554,1.7,16.1,0.271,0.763,0.512,0.128,0.508,0.549,100.5,98.66,82.21,8143,0.5
Chicago Bulls,27,55,3971.0,101.3,103.4,109.1,110.5,-7.8,-7.0,0.607,1.68,17.3,0.256,0.767,0.5,0.141,0.497,0.529,100.3,98.65,82.21,8160,0.453
Cleveland Cavaliers,50,32,3946.0,110.6,112.0,109.5,111.1,1.0,1.0,0.579,1.7,17.5,0.243,0.73,0.492,0.139,0.547,0.584,100.1,98.72,82.27,8114,0.502
Dallas Mavericks,24,58,3961.0,104.1,105.4,107.4,108.4,-3.3,-2.9,0.594,1.85,17.3,0.224,0.749,0.478,0.127,0.513,0.544,97.5,96.53,80.44,7959,0.475
Denver Nuggets,46,36,3976.0,109.6,111.4,108.8,110.0,0.8,1.4,0.617,1.68,18.2,0.3,0.736,0.517,0.151,0.536,0.57,99.1,97.69,81.41,8095,0.511
Detroit Pistons,39,43,3961.0,104.9,106.6,104.8,106.7,0.0,-0.1,0.582,1.7,17.1,0.269,0.74,0.499,0.138,0.512,0.543,98.4,96.75,80.62,7981,0.489
Golden State Warriors,58,24,3946.0,112.3,112.8,104.2,106.8,8.1,5.9,0.685,1.9,20.9,0.243,0.712,0.497,0.153,0.569,0.603,101.8,100.35,83.63,8251,0.554
Houston Rockets,65,17,3951.0,112.2,114.1,103.8,105.7,8.5,8.4,0.557,1.56,16.4,0.254,0.75,0.503,0.141,0.551,0.59,99.7,98.02,81.69,8078,0.531
Indiana Pacers,48,34,3951.0,107.2,108.5,105.6,107.3,1.6,1.3,0.544,1.67,16.8,0.271,0.721,0.496,0.136,0.525,0.557,98.2,96.84,80.7,7977,0.509
LA Clippers,42,40,3941.0,107.7,109.4,107.7,109.2,0.0,0.2,0.555,1.52,16.5,0.284,0.718,0.504,0.147,0.527,0.564,101.1,99.54,82.95,8167,0.497
Los Angeles Lakers,35,47,3981.0,104.2,106.0,105.6,107.3,-1.4,-1.3,0.584,1.51,17.0,0.279,0.729,0.505,0.155,0.517,0.548,102.6,100.9,84.08,8361,0.491
Memphis Grizzlies,22,60,3941.0,101.8,103.6,108.4,110.4,-6.6,-6.8,0.586,1.44,16.6,0.276,0.721,0.493,0.156,0.5,0.539,97.3,95.65,79.71,7865,0.46
Miami Heat,44,38,3986.0,104.5,106.2,104.0,105.8,0.5,0.4,0.585,1.58,17.1,0.261,0.741,0.501,0.148,0.52,0.551,97.8,96.1,80.08,7985,0.505
Milwaukee Bucks,44,38,3966.0,107.8,109.0,107.1,109.1,0.7,-0.2,0.585,1.68,17.7,0.244,0.709,0.48,0.142,0.531,0.571,98.5,97.03,80.86,8013,0.502
Minnesota Timberwolves,47,35,3961.0,110.8,112.5,108.4,110.2,2.4,2.3,0.553,1.82,17.0,0.289,0.72,0.503,0.128,0.523,0.566,98.3,96.75,80.62,7985,0.518
New Orleans Pelicans,48,34,3991.0,107.7,108.5,105.6,107.4,2.1,1.1,0.627,1.79,19.0,0.24,0.726,0.494,0.145,0.541,0.573,102.7,101.48,84.57,8443,0.525
New York Knicks,29,53,3966.0,104.1,106.3,108.4,109.7,-4.3,-3.4,0.573,1.58,17.2,0.289,0.727,0.509,0.15,0.51,0.544,99.2,97.64,81.37,8059,0.481
Oklahoma City Thunder,48,34,3966.0,107.6,110.1,104.7,106.4,2.9,3.7,0.535,1.53,15.8,0.32,0.725,0.515,0.143,0.514,0.546,99.2,97.34,81.11,8036,0.508
Orlando Magic,25,57,3946.0,102.8,104.7,107.7,109.4,-4.9,-4.7,0.604,1.61,17.5,0.248,0.714,0.48,0.147,0.512,0.545,100.3,98.58,82.15,8096,0.472
Philadelphia 76ers,52,30,3956.0,107.4,108.5,102.0,103.9,5.4,4.6,0.663,1.64,19.1,0.286,0.736,0.52,0.163,0.535,0.568,102.2,100.75,83.96,8299,0.542
Phoenix Suns,21,61,3941.0,100.8,102.8,110.6,111.7,-9.7,-9.0,0.553,1.35,15.6,0.271,0.724,0.493,0.155,0.495,0.532,102.6,101.14,84.28,8293,0.442
Portland Trail Blazers,49,33,3951.0,106.1,108.4,104.2,105.7,1.9,2.7,0.496,1.44,15.0,0.279,0.746,0.513,0.139,0.511,0.549,98.8,97.11,80.93,7992,0.51
Sacramento Kings,27,55,3951.0,101.1,103.1,109.0,110.4,-7.9,-7.3,0.556,1.57,16.6,0.264,0.731,0.489,0.143,0.502,0.529,97.1,95.5,79.58,7860,0.451
San Antonio Spurs,47,35,3946.0,105.5,107.1,102.4,104.1,3.1,3.0,0.583,1.73,17.3,0.277,0.741,0.508,0.137,0.507,0.543,97.2,95.7,79.75,7867,0.525
Toronto Raptors,59,23,3966.0,111.0,113.0,103.4,105.3,7.6,7.7,0.59,1.82,17.9,0.274,0.725,0.502,0.135,0.539,0.575,99.8,98.02,81.68,8104,0.538
Utah Jazz,48,34,3951.0,106.2,107.4,101.6,103.0,4.6,4.4,0.586,1.53,17.1,0.256,0.756,0.509,0.152,0.527,0.564,97.8,96.58,80.48,7951,0.532
Washington Wizards,43,39,3971.0,106.9,108.1,106.2,107.7,0.7,0.4,0.631,1.73,18.4,0.274,0.732,0.504,0.148,0.525,0.56,98.9,97.67,81.39,8087,0.509
Atlanta Hawks,29,53,3971.0,105.5,107.5,111.2,113.1,-5.7,-5.5,0.624,1.52,17.7,0.284,0.718,0.496,0.162,0.522,0.555,106.4,104.56,87.13,8642,0.464
Boston Celtics,49,33,3956.0,110.1,111.3,104.9,107.0,5.1,4.3,0.624,2.05,18.8,0.257,0.728,0.495,0.127,0.534,0.567,102.0,100.43,83.69,8282,0.53
Brooklyn Nets,42,40,3996.0,106.9,108.9,107.0,109.0,-0.1,-0.1,0.592,1.58,16.9,0.282,0.72,0.501,0.146,0.52,0.556,103.4,101.52,84.6,8452,0.492
Charlotte Hornets,39,43,3966.0,108.3,110.7,110.2,112.0,-1.8,-1.3,0.578,1.9,17.0,0.268,0.731,0.495,0.122,0.514,0.554,101.1,99.18,82.65,8202,0.486
Chicago Bulls,22,60,3981.0,102.5,104.5,110.9,112.8,-8.4,-8.3,0.55,1.55,16.3,0.242,0.727,0.483,0.141,0.505,0.541,101.1,99.3,82.75,8232,0.453
Cleveland Cavaliers,19,63,3951.0,105.0,106.8,115.1,116.8,-10.1,-10.0,0.532,1.54,15.6,0.282,0.732,0.496,0.138,0.503,0.54,98.9,97.37,81.14,8021,0.436
Dallas Mavericks,33,49,3956.0,106.6,108.7,108.3,110.1,-1.7,-1.5,0.603,1.64,17.0,0.273,0.734,0.503,0.142,0.519,0.555,101.4,99.6,83.0,8216,0.492
Denver Nuggets,54,28,3946.0,109.8,112.1,106.8,108.1,3.0,4.0,0.653,2.04,19.3,0.308,0.744,0.524,0.136,0.527,0.558,100.1,98.49,82.08,8096,0.524
Detroit Pistons,41,41,3971.0,106.1,108.4,106.9,108.7,-0.7,-0.3,0.579,1.63,16.5,0.291,0.745,0.509,0.14,0.509,0.544,99.7,97.88,81.57,8101,0.482
Golden State Warriors,57,25,3961.0,113.9,115.0,106.5,108.6,7.5,6.5,0.668,2.06,20.4,0.257,0.727,0.505,0.139,0.565,0.596,103.2,101.74,84.78,8390,0.546
Houston Rockets,53,29,3966.0,112.5,114.9,107.9,110.1,4.6,4.8,0.541,1.59,15.9,0.269,0.7,0.481,0.135,0.542,0.581,100.4,98.39,81.99,8130,0.498
Indiana Pacers,48,34,3941.0,107.3,109.4,104.2,106.0,3.1,3.4,0.628,1.9,18.9,0.269,0.722,0.499,0.139,0.53,0.561,100.4,98.64,82.2,8097,0.527
LA Clippers,48,34,3966.0,109.7,111.4,109.0,110.4,0.7,1.0,0.582,1.65,17.1,0.263,0.722,0.5,0.141,0.529,0.575,104.1,102.66,85.55,8475,0.505
Los Angeles Lakers,37,45,3956.0,105.2,107.4,107.3,108.9,-2.1,-1.6,0.6,1.63,17.8,0.27,0.725,0.502,0.15,0.527,0.554,105.5,103.6,86.33,8534,0.495
Memphis Grizzlies,33,49,3976.0,103.8,105.6,106.2,108.0,-2.4,-2.4,0.631,1.71,17.9,0.247,0.724,0.484,0.143,0.508,0.548,98.8,97.15,80.96,8038,0.49
Miami Heat,39,43,3946.0,104.6,106.7,105.1,107.1,-0.6,-0.4,0.612,1.65,17.6,0.291,0.731,0.509,0.149,0.515,0.542,100.7,98.73,82.28,8122,0.501
Milwaukee Bucks,60,22,3956.0,111.5,113.5,103.0,104.9,8.5,8.6,0.601,1.88,18.3,0.25,0.757,0.516,0.133,0.55,0.583,105.4,103.57,86.31,8533,0.553
Minnesota Timberwolves,36,46,3966.0,108.4,110.6,110.2,112.2,-1.9,-1.6,0.591,1.88,17.4,0.292,0.709,0.497,0.129,0.511,0.552,102.8,100.88,84.07,8341,0.498
New Orleans Pelicans,33,49,3951.0,108.6,110.7,110.4,112.0,-1.8,-1.3,0.619,1.82,18.6,0.285,0.729,0.509,0.142,0.529,0.563,105.6,103.89,86.58,8553,0.498
New York Knicks,17,65,3956.0,102.1,104.0,110.9,112.9,-8.8,-8.9,0.525,1.43,14.9,0.264,0.717,0.486,0.14,0.49,0.529,102.0,100.16,83.46,8244,0.442
Oklahoma City Thunder,49,33,3971.0,107.6,109.8,104.7,106.5,2.9,3.4,0.548,1.67,16.3,0.298,0.738,0.509,0.134,0.514,0.545,105.3,103.38,86.15,8549,0.506
Orlando Magic,42,40,3956.0,106.5,108.2,105.8,107.6,0.8,0.6,0.632,1.94,18.6,0.259,0.754,0.504,0.133,0.518,0.55,100.3,98.65,82.21,8133,0.508
Philadelphia 76ers,51,31,3961.0,110.4,111.6,107.1,109.0,3.3,2.6,0.648,1.8,18.7,0.278,0.741,0.517,0.144,0.532,0.574,104.0,102.59,85.49,8467,0.529
Phoenix Suns,19,63,3976.0,103.6,105.3,112.2,114.2,-8.6,-8.9,0.595,1.53,17.3,0.247,0.683,0.464,0.153,0.514,0.552,102.9,101.15,84.3,8371,0.45
Portland Trail Blazers,53,29,3971.0,111.4,113.7,108.1,109.5,3.3,4.2,0.544,1.66,16.6,0.308,0.739,0.526,0.137,0.528,0.568,101.6,99.96,83.3,8269,0.521
Sacramento Kings,39,43,3946.0,108.3,109.6,108.7,110.8,-0.4,-1.2,0.588,1.9,17.7,0.268,0.713,0.487,0.128,0.524,0.554,105.5,103.88,86.56,8545,0.495
San Antonio Spurs,48,34,3961.0,111.1,112.2,108.3,110.6,2.8,1.6,0.58,2.03,18.1,0.246,0.744,0.501,0.122,0.534,0.572,100.4,98.88,82.4,8162,0.516
Toronto Raptors,58,24,3976.0,110.9,112.6,104.3,106.8,6.5,5.8,0.603,1.81,18.2,0.265,0.726,0.502,0.138,0.543,0.579,102.5,100.51,83.76,8334,0.533
Utah Jazz,50,32,3951.0,108.8,110.3,103.2,105.3,5.5,5.0,0.644,1.72,18.5,0.275,0.759,0.522,0.149,0.538,0.572,102.5,100.84,84.03,8308,0.539
Washington Wizards,32,50,3986.0,108.6,110.2,111.3,112.9,-2.7,-2.7,0.623,1.87,18.4,0.252,0.706,0.477,0.136,0.531,0.567,103.7,102.23,85.19,8486,0.487
Atlanta Hawks,20,47,3256.0,104.3,107.0,112.3,114.4,-8.0,-7.4,0.589,1.48,16.9,0.267,0.708,0.484,0.155,0.515,0.554,105.6,103.28,86.06,6999,0.454
Boston Celtics,48,24,3486.0,110.4,112.8,104.5,106.5,6.0,6.3,0.557,1.66,16.7,0.283,0.731,0.509,0.137,0.531,0.57,101.9,99.92,83.27,7255,0.531
Brooklyn Nets,35,37,3496.0,106.0,108.7,107.1,109.2,-1.1,-0.5,0.606,1.6,17.3,0.28,0.736,0.511,0.148,0.52,0.554,104.0,101.7,84.75,7404,0.5
Charlotte Hornets,23,42,3150.0,103.9,105.9,110.6,112.8,-6.8,-7.0,0.639,1.63,17.7,0.28,0.706,0.486,0.15,0.504,0.539,98.1,96.24,80.2,6317,0.455
Chicago Bulls,22,43,3135.0,104.1,105.8,107.7,108.9,-3.6,-3.1,0.587,1.5,16.9,0.267,0.719,0.481,0.153,0.515,0.547,101.9,100.46,83.71,6563,0.466
Cleveland Cavaliers,19,46,3145.0,104.4,106.9,113.6,114.8,-9.2,-7.9,0.573,1.4,16.8,0.296,0.738,0.512,0.165,0.522,0.553,100.9,99.17,82.65,6497,0.453
Dallas Mavericks,43,32,3635.0,113.7,115.9,109.5,111.2,4.2,4.8,0.592,1.94,17.7,0.275,0.74,0.509,0.126,0.545,0.581,101.7,99.89,83.24,7569,0.521
Denver Nuggets,46,27,3549.0,110.1,112.6,108.6,110.4,1.5,2.2,0.636,1.94,19.1,0.294,0.725,0.509,0.139,0.535,0.567,99.5,97.64,81.37,7217,0.517
Detroit Pistons,20,46,3193.0,106.1,108.8,110.4,112.3,-4.3,-3.5,0.612,1.58,17.7,0.277,0.717,0.493,0.155,0.529,0.561,99.9,97.86,81.55,6507,0.473
Golden State Warriors,15,50,3145.0,102.9,104.4,110.9,113.0,-8.0,-8.6,0.663,1.72,18.2,0.255,0.722,0.481,0.146,0.497,0.54,102.7,101.04,84.2,6623,0.462
Houston Rockets,44,28,3476.0,110.3,112.5,107.4,109.8,2.9,2.7,0.53,1.47,15.5,0.249,0.713,0.48,0.14,0.537,0.578,106.3,104.04,86.7,7539,0.494
Indiana Pacers,45,28,3524.0,107.9,109.5,105.1,107.5,2.9,1.9,0.614,1.95,18.9,0.243,0.718,0.487,0.132,0.534,0.565,101.3,99.41,82.84,7299,0.52
LA Clippers,49,23,3476.0,111.1,113.3,105.3,106.9,5.7,6.3,0.571,1.63,16.9,0.278,0.737,0.515,0.142,0.535,0.577,103.9,102.16,85.13,7396,0.532
Los Angeles Lakers,52,19,3418.0,109.6,111.7,103.8,106.1,5.8,5.6,0.6,1.67,18.0,0.283,0.737,0.512,0.149,0.542,0.573,103.3,101.2,84.33,7211,0.539
Memphis Grizzlies,34,39,3514.0,106.9,108.7,107.5,109.7,-0.6,-1.0,0.633,1.77,18.7,0.271,0.733,0.506,0.147,0.528,0.561,105.3,103.31,86.1,7562,0.507
Miami Heat,44,29,3549.0,110.0,111.9,107.2,109.3,2.8,2.7,0.657,1.74,18.8,0.257,0.753,0.512,0.149,0.547,0.587,100.5,98.7,82.25,7306,0.525
Milwaukee Bucks,56,17,3519.0,110.5,111.9,100.6,102.5,9.9,9.4,0.598,1.71,18.0,0.241,0.775,0.524,0.142,0.552,0.583,107.2,105.51,87.93,7739,0.562
Minnesota Timberwolves,19,45,3112.0,105.3,107.6,110.0,111.6,-4.7,-4.0,0.59,1.55,16.7,0.264,0.731,0.488,0.146,0.514,0.551,105.9,103.94,86.62,6736,0.472
New Orleans Pelicans,30,42,3486.0,108.0,110.5,109.4,111.8,-1.4,-1.3,0.63,1.64,18.4,0.287,0.729,0.508,0.156,0.539,0.568,106.3,103.89,86.57,7548,0.495
New York Knicks,21,45,3193.0,103.8,105.9,110.6,112.4,-6.8,-6.5,0.552,1.54,16.0,0.3,0.742,0.513,0.143,0.501,0.531,100.9,99.11,82.59,6594,0.461
Oklahoma City Thunder,44,28,3486.0,108.4,110.1,106.3,108.1,2.1,2.1,0.543,1.58,16.3,0.241,0.728,0.492,0.137,0.53,0.573,101.1,99.42,82.85,7218,0.519
Orlando Magic,33,40,3514.0,106.1,107.9,107.1,109.2,-1.0,-1.3,0.608,1.86,17.5,0.267,0.749,0.5,0.129,0.506,0.544,100.9,98.99,82.49,7255,0.496
Philadelphia 76ers,43,30,3519.0,109.1,110.7,106.3,108.4,2.8,2.3,0.628,1.82,18.5,0.281,0.753,0.516,0.142,0.534,0.566,101.3,99.59,82.99,7304,0.523
Phoenix Suns,34,39,3519.0,109.7,111.3,108.4,110.8,1.4,0.5,0.661,1.84,19.2,0.261,0.734,0.498,0.145,0.532,0.576,103.7,101.74,84.79,7449,0.512
Portland Trail Blazers,35,39,3567.0,111.1,113.2,111.8,114.3,-0.7,-1.1,0.488,1.61,15.2,0.266,0.712,0.492,0.126,0.533,0.57,103.2,101.17,84.31,7519,0.486
Sacramento Kings,31,41,3491.0,107.8,109.5,109.6,111.4,-1.8,-1.9,0.582,1.64,17.4,0.258,0.736,0.492,0.144,0.534,0.566,101.2,99.6,83.0,7239,0.479
San Antonio Spurs,32,39,3443.0,110.4,111.7,110.9,112.6,-0.5,-0.9,0.585,1.96,17.9,0.233,0.751,0.495,0.123,0.531,0.572,102.6,101.14,84.29,7249,0.502
Toronto Raptors,53,19,3476.0,109.0,110.8,102.0,104.7,7.0,6.1,0.627,1.7,18.1,0.256,0.721,0.496,0.146,0.536,0.574,103.3,101.19,84.32,7328,0.53
Utah Jazz,44,28,3471.0,110.0,111.8,107.4,109.3,2.6,2.5,0.56,1.48,16.8,0.261,0.746,0.512,0.152,0.549,0.585,100.8,99.15,82.62,7169,0.513
Washington Wizards,25,47,3471.0,108.2,110.2,112.7,114.7,-4.5,-4.5,0.602,1.77,17.6,0.262,0.712,0.478,0.136,0.523,0.562,105.2,103.38,86.15,7475,0.473
Atlanta Hawks,41,31,3481.0,113.0,114.3,110.6,112.1,2.5,2.2,0.591,1.82,17.6,0.284,0.742,0.516,0.133,0.539,0.581,99.9,98.68,82.23,7160,0.511
Boston Celtics,36,36,3476.0,111.0,113.1,110.0,111.8,0.9,1.2,0.566,1.67,17.1,0.289,0.737,0.51,0.141,0.543,0.574,100.7,98.94,82.45,7172,0.501
Brooklyn Nets,48,24,3481.0,116.3,117.3,110.6,113.1,5.7,4.2,0.621,1.98,19.3,0.252,0.726,0.503,0.134,0.575,0.61,101.8,100.27,83.56,7280,0.532
Charlotte Hornets,33,39,3471.0,108.1,110.1,110.6,112.0,-2.5,-1.9,0.672,1.81,19.2,0.276,0.722,0.496,0.149,0.532,0.564,100.6,99.0,82.5,7159,0.489
Chicago Bulls,31,41,3476.0,108.7,110.4,109.9,111.5,-1.2,-1.1,0.635,1.77,19.2,0.267,0.767,0.519,0.151,0.547,0.575,101.1,99.58,82.99,7220,0.499
Cleveland Cavaliers,22,50,3486.0,103.1,105.2,112.1,113.5,-8.9,-8.3,0.618,1.54,17.5,0.28,0.729,0.499,0.157,0.508,0.543,99.6,97.96,81.64,7107,0.46
Dallas Mavericks,42,30,3461.0,112.9,114.6,110.4,112.3,2.5,2.3,0.557,1.9,17.2,0.253,0.734,0.496,0.123,0.55,0.582,99.5,97.94,81.62,7062,0.51
Denver Nuggets,47,25,3496.0,114.2,116.3,110.0,111.5,4.2,4.8,0.621,1.99,19.3,0.292,0.751,0.522,0.136,0.557,0.588,99.3,97.74,81.45,7123,0.525
Detroit Pistons,20,52,3486.0,105.4,107.6,110.3,112.2,-4.9,-4.5,0.626,1.62,17.8,0.267,0.725,0.493,0.151,0.519,0.556,100.1,98.19,81.82,7132,0.473
Golden State Warriors,39,33,3461.0,108.8,110.5,107.7,109.4,1.1,1.1,0.67,1.84,19.6,0.222,0.727,0.48,0.146,0.551,0.583,104.4,102.81,85.67,7412,0.51
Houston Rockets,17,55,3461.0,104.9,107.0,112.4,114.4,-7.5,-7.4,0.601,1.6,17.2,0.24,0.723,0.474,0.145,0.521,0.553,103.6,101.69,84.74,7320,0.451
Indiana Pacers,34,38,3491.0,109.9,111.9,109.6,111.9,0.3,0.1,0.633,2.02,19.2,0.247,0.701,0.476,0.131,0.542,0.575,104.0,102.05,85.04,7419,0.502
LA Clippers,47,25,3456.0,115.2,116.7,108.7,110.6,6.6,6.1,0.584,1.85,18.1,0.27,0.754,0.518,0.135,0.564,0.599,99.1,97.63,81.35,7036,0.53
Los Angeles Lakers,42,30,3491.0,107.5,109.8,104.8,106.8,2.7,2.9,0.607,1.62,18.0,0.269,0.748,0.511,0.152,0.536,0.569,100.8,98.85,82.37,7184,0.517
Memphis Grizzlies,38,34,3481.0,109.7,111.7,108.5,110.5,1.2,1.2,0.628,2.03,18.9,0.285,0.736,0.507,0.131,0.528,0.56,102.6,100.77,83.98,7302,0.511
Miami Heat,40,32,3476.0,109.1,110.6,108.5,110.7,0.6,-0.1,0.671,1.87,19.5,0.24,0.733,0.491,0.144,0.546,0.581,98.7,97.09,80.91,7036,0.509
Milwaukee Bucks,46,26,3466.0,114.7,116.5,109.1,110.7,5.5,5.8,0.569,1.84,18.0,0.269,0.755,0.519,0.134,0.566,0.593,104.4,102.85,85.71,7423,0.533
Minnesota Timberwolves,23,49,3481.0,107.0,109.3,112.1,114.5,-5.2,-5.3,0.63,1.8,18.0,0.271,0.717,0.484,0.139,0.52,0.555,104.1,101.96,84.96,7389,0.469
New Orleans Pelicans,31,41,3486.0,110.8,113.0,111.6,113.3,-0.7,-0.3,0.612,1.78,18.3,0.302,0.755,0.527,0.144,0.537,0.57,102.3,100.54,83.79,7303,0.508
New York Knicks,41,31,3486.0,108.2,110.2,105.7,107.8,2.5,2.4,0.543,1.65,16.3,0.264,0.738,0.505,0.133,0.524,0.559,98.2,96.32,80.27,6994,0.502
Oklahoma City Thunder,22,50,3471.0,101.3,102.8,111.9,113.4,-10.5,-10.6,0.568,1.37,16.1,0.254,0.742,0.494,0.158,0.509,0.539,103.1,101.61,84.67,7353,0.442
Orlando Magic,21,51,3466.0,102.9,104.6,112.1,113.9,-9.2,-9.3,0.57,1.7,16.3,0.252,0.744,0.488,0.129,0.49,0.527,100.8,99.17,82.64,7158,0.45
Philadelphia 76ers,49,23,3486.0,110.8,112.5,105.1,107.0,5.7,5.5,0.572,1.64,17.2,0.277,0.737,0.511,0.143,0.541,0.579,101.8,100.12,83.43,7272,0.536
Phoenix Suns,51,21,3496.0,114.9,116.3,108.8,110.4,6.1,5.9,0.622,2.15,19.6,0.248,0.741,0.5,0.126,0.564,0.597,99.3,98.0,81.67,7137,0.534
Portland Trail Blazers,42,30,3461.0,114.9,117.1,113.4,115.3,1.5,1.8,0.515,1.92,15.9,0.273,0.731,0.495,0.112,0.54,0.577,100.8,98.97,82.48,7137,0.493
Sacramento Kings,31,41,3461.0,111.1,112.7,114.6,116.5,-3.5,-3.8,0.599,1.91,18.4,0.253,0.713,0.482,0.133,0.549,0.578,102.2,100.71,83.92,7266,0.481
San Antonio Spurs,33,39,3496.0,108.6,110.5,110.7,112.0,-2.1,-1.5,0.584,2.14,17.9,0.243,0.733,0.485,0.113,0.517,0.554,101.0,99.45,82.87,7236,0.493
Toronto Raptors,27,45,3461.0,109.3,111.6,109.8,112.0,-0.5,-0.4,0.607,1.82,17.7,0.256,0.716,0.479,0.133,0.529,0.567,101.6,99.57,82.98,7177,0.486
Utah Jazz,52,20,3471.0,115.1,116.5,105.7,107.5,9.4,9.0,0.573,1.66,17.3,0.284,0.757,0.529,0.142,0.563,0.597,100.8,99.37,82.81,7193,0.542
Washington Wizards,34,38,3481.0,108.9,110.7,110.5,112.3,-1.7,-1.6,0.59,1.77,17.8,0.25,0.736,0.494,0.137,0.531,0.569,106.4,104.67,87.22,7585,0.496
Atlanta Hawks,43,39,3941.0,114.0,115.4,112.1,113.7,1.9,1.6,0.593,2.08,18.1,0.269,0.731,0.501,0.12,0.543,0.581,100.0,98.67,82.22,8099,0.509
Boston Celtics,51,31,3981.0,112.1,113.6,104.0,106.2,8.1,7.4,0.609,1.82,18.2,0.277,0.725,0.509,0.139,0.542,0.578,99.0,97.26,81.05,8068,0.547
Brooklyn Nets,44,38,3951.0,111.0,113.2,109.6,112.3,1.3,0.9,0.602,1.8,18.3,0.281,0.704,0.499,0.141,0.54,0.576,101.6,99.4,82.83,8177,0.512
Charlotte Hornets,43,39,3976.0,111.7,113.6,111.0,113.1,0.7,0.5,0.656,2.12,19.6,0.27,0.706,0.486,0.131,0.544,0.572,102.3,100.52,83.76,8322,0.504
Chicago Bulls,46,36,3946.0,111.0,112.7,111.1,113.2,-0.1,-0.5,0.572,1.86,17.8,0.249,0.735,0.495,0.13,0.541,0.579,100.4,98.76,82.3,8124,0.496
Cleveland Cavaliers,44,38,3946.0,109.4,111.0,107.0,108.9,2.4,2.1,0.634,1.75,18.7,0.277,0.724,0.506,0.148,0.538,0.571,98.4,96.83,80.69,7964,0.517
Dallas Mavericks,52,30,3951.0,110.5,112.5,106.8,109.1,3.7,3.5,0.595,1.87,17.8,0.256,0.733,0.496,0.13,0.538,0.572,97.5,95.64,79.7,7871,0.511
Denver Nuggets,48,34,3961.0,111.7,113.8,110.3,111.5,1.4,2.3,0.667,1.92,20.0,0.268,0.752,0.515,0.146,0.556,0.59,99.9,98.41,82.01,8123,0.516
Detroit Pistons,23,59,3956.0,103.3,105.6,111.1,113.3,-7.9,-7.7,0.615,1.65,17.1,0.276,0.707,0.481,0.143,0.494,0.533,100.9,98.81,82.34,8141,0.45
Golden State Warriors,53,29,3946.0,110.5,112.1,103.9,106.6,6.5,5.5,0.669,1.82,19.5,0.269,0.736,0.51,0.15,0.552,0.582,100.7,98.74,82.28,8121,0.536
Houston Rockets,20,62,3951.0,105.4,108.1,114.4,116.4,-9.0,-8.3,0.598,1.43,17.1,0.265,0.71,0.485,0.162,0.534,0.565,103.3,101.16,84.3,8323,0.451
Indiana Pacers,25,57,3976.0,109.2,111.9,113.9,115.5,-4.6,-3.6,0.612,1.76,18.1,0.31,0.725,0.512,0.145,0.531,0.564,100.5,98.55,82.13,8166,0.478
LA Clippers,42,40,3956.0,107.7,109.5,107.5,109.5,0.2,0.0,0.599,1.75,17.7,0.254,0.706,0.486,0.139,0.531,0.564,100.2,98.51,82.09,8121,0.502
Los Angeles Lakers,33,49,3996.0,107.9,110.0,110.9,112.8,-3.0,-2.9,0.576,1.65,17.3,0.256,0.72,0.49,0.142,0.537,0.567,102.3,100.47,83.73,8360,0.482
Memphis Grizzlies,56,26,3956.0,111.6,114.3,106.2,108.9,5.4,5.3,0.597,1.97,17.9,0.338,0.726,0.526,0.13,0.522,0.553,103.1,100.52,83.77,8295,0.53
Miami Heat,53,29,3971.0,111.2,113.0,106.3,108.4,4.9,4.5,0.644,1.75,18.8,0.278,0.735,0.51,0.149,0.547,0.584,98.2,96.53,80.44,7987,0.529
Milwaukee Bucks,51,31,3951.0,112.5,114.3,109.4,111.1,3.1,3.2,0.572,1.78,17.3,0.269,0.747,0.512,0.133,0.546,0.58,102.2,100.59,83.83,8284,0.516
Minnesota Timberwolves,46,36,3956.0,111.3,113.8,109.1,111.0,2.1,2.7,0.617,1.79,18.1,0.284,0.706,0.49,0.141,0.539,0.573,103.5,101.47,84.56,8357,0.504
New Orleans Pelicans,36,46,3951.0,109.0,111.2,110.5,112.0,-1.5,-0.8,0.621,1.78,18.1,0.306,0.742,0.518,0.143,0.517,0.557,99.7,98.02,81.69,8060,0.5
New York Knicks,37,45,3956.0,108.0,109.7,107.6,110.2,0.4,-0.4,0.581,1.65,16.4,0.291,0.74,0.512,0.137,0.513,0.55,98.4,96.42,80.35,7958,0.491
Oklahoma City Thunder,24,58,3961.0,102.2,103.8,110.2,111.7,-8.0,-8.0,0.58,1.59,16.4,0.256,0.727,0.487,0.14,0.497,0.53,100.8,99.39,82.83,8198,0.451
Orlando Magic,22,60,3956.0,101.8,103.9,110.3,112.1,-8.5,-8.1,0.62,1.64,17.4,0.249,0.735,0.49,0.144,0.503,0.538,101.5,99.71,83.09,8223,0.458
Philadelphia 76ers,51,31,3961.0,111.0,113.0,108.3,110.2,2.7,2.8,0.602,1.89,17.9,0.246,0.724,0.49,0.129,0.534,0.578,98.4,96.71,80.59,7975,0.517
Phoenix Suns,64,18,3946.0,112.5,114.2,104.7,106.8,7.8,7.5,0.627,2.12,19.5,0.264,0.728,0.503,0.129,0.549,0.581,102.0,100.26,83.55,8242,0.548
Portland Trail Blazers,27,55,3946.0,105.5,107.3,114.0,116.3,-8.5,-9.1,0.595,1.58,17.0,0.268,0.721,0.487,0.146,0.515,0.55,100.6,98.74,82.28,8120,0.447
Sacramento Kings,30,52,3961.0,107.2,109.6,112.9,114.8,-5.7,-5.2,0.585,1.68,17.3,0.259,0.714,0.484,0.14,0.525,0.561,102.1,100.1,83.41,8252,0.473
San Antonio Spurs,34,48,3961.0,109.4,111.9,110.0,111.7,-0.6,0.2,0.646,2.19,19.5,0.281,0.711,0.494,0.126,0.527,0.556,102.4,100.51,83.76,8290,0.51
Toronto Raptors,48,34,3971.0,109.6,112.1,107.9,109.9,1.7,2.2,0.543,1.77,16.1,0.325,0.714,0.508,0.128,0.51,0.543,98.6,96.63,80.53,8000,0.494
Utah Jazz,49,33,3946.0,114.0,116.2,107.7,110.0,6.2,6.2,0.552,1.6,16.7,0.3,0.738,0.525,0.143,0.555,0.589,99.5,97.5,81.25,8014,0.528
Washington Wizards,35,47,3966.0,108.9,110.2,111.7,113.6,-2.8,-3.4,0.617,1.91,18.5,0.247,0.731,0.494,0.133,0.532,0.568,99.3,97.8,81.5,8079,0.496
Atlanta Hawks,41,41,3971.0,113.9,115.5,113.6,115.4,0.3,0.1,0.56,1.93,17.6,0.289,0.717,0.5,0.126,0.541,0.579,103.1,101.56,84.63,8407,0.5
Boston Celtics,57,25,3996.0,115.7,117.3,108.8,110.6,7.0,6.7,0.632,2.0,19.1,0.255,0.746,0.506,0.133,0.566,0.6,100.6,99.15,82.63,8247,0.534
Brooklyn Nets,45,37,3946.0,113.0,114.6,110.9,113.5,2.1,1.1,0.616,1.86,18.9,0.234,0.689,0.472,0.139,0.562,0.598,100.7,98.77,82.31,8111,0.51
Charlotte Hornets,27,55,3966.0,106.7,108.4,112.6,114.7,-5.9,-6.3,0.609,1.77,17.8,0.276,0.717,0.491,0.139,0.516,0.551,103.3,101.47,84.56,8390,0.473
Chicago Bulls,40,42,3981.0,111.7,112.8,109.4,111.5,2.3,1.3,0.575,1.83,18.1,0.236,0.736,0.493,0.133,0.55,0.587,100.6,99.18,82.65,8225,0.512
Cleveland Cavaliers,51,31,3976.0,113.7,115.5,107.7,109.9,6.0,5.6,0.6,1.87,18.6,0.273,0.715,0.496,0.137,0.556,0.59,98.0,96.27,80.23,7972,0.531
Dallas Mavericks,38,44,3986.0,114.3,115.9,114.0,116.1,0.3,-0.2,0.573,1.88,17.4,0.226,0.717,0.471,0.124,0.565,0.599,98.8,97.21,81.01,8082,0.487
Denver Nuggets,53,29,3951.0,115.0,116.8,111.7,113.5,3.3,3.3,0.663,1.99,20.5,0.289,0.727,0.514,0.147,0.573,0.601,100.3,98.74,82.28,8129,0.525
Detroit Pistons,17,65,3961.0,107.8,109.9,116.1,117.8,-8.2,-7.9,0.581,1.52,16.7,0.292,0.702,0.491,0.15,0.52,0.561,101.6,99.88,83.23,8231,0.449
Golden State Warriors,44,38,3966.0,113.5,115.1,111.4,113.4,2.1,1.7,0.691,1.83,20.4,0.277,0.719,0.502,0.158,0.571,0.6,104.2,102.54,85.45,8472,0.51
Houston Rockets,22,60,3951.0,107.7,110.5,116.9,118.6,-9.2,-8.1,0.551,1.38,16.0,0.344,0.729,0.53,0.162,0.516,0.554,101.8,99.74,83.11,8220,0.457
Indiana Pacers,35,47,3951.0,111.0,113.8,115.4,117.1,-4.4,-3.3,0.643,1.81,18.9,0.285,0.685,0.482,0.146,0.545,0.581,103.8,101.68,84.73,8377,0.482
LA Clippers,44,38,3966.0,112.4,114.0,112.0,113.6,0.3,0.5,0.581,1.68,17.5,0.273,0.731,0.505,0.143,0.551,0.588,100.2,98.84,82.37,8168,0.498
Los Angeles Lakers,43,39,3976.0,111.8,113.9,111.5,113.2,0.3,0.7,0.589,1.8,17.9,0.269,0.727,0.505,0.137,0.542,0.582,103.6,101.92,84.93,8436,0.511
Memphis Grizzlies,51,31,3956.0,112.3,114.7,108.3,110.7,4.0,4.0,0.596,1.91,18.2,0.302,0.711,0.507,0.133,0.54,0.57,103.7,101.5,84.58,8360,0.519
Miami Heat,44,38,3961.0,110.4,112.3,110.6,112.8,-0.2,-0.5,0.608,1.77,17.8,0.274,0.733,0.498,0.138,0.53,0.574,98.6,96.76,80.63,7991,0.496
Milwaukee Bucks,58,24,3966.0,112.8,114.3,109.4,110.9,3.3,3.4,0.604,1.76,18.1,0.284,0.745,0.521,0.143,0.555,0.583,102.8,101.45,84.54,8389,0.523
Minnesota Timberwolves,42,40,3966.0,111.3,113.3,111.1,113.1,0.2,0.2,0.61,1.71,18.6,0.258,0.703,0.485,0.15,0.56,0.592,103.4,101.55,84.62,8383,0.503
New Orleans Pelicans,42,40,3971.0,111.8,113.8,109.9,112.0,1.9,1.9,0.616,1.77,18.5,0.29,0.732,0.512,0.145,0.543,0.582,101.4,99.58,82.98,8239,0.514
New York Knicks,47,35,3991.0,114.9,117.0,111.8,114.2,3.1,2.8,0.546,1.77,16.6,0.318,0.727,0.521,0.131,0.541,0.577,99.7,97.75,81.46,8134,0.509
Oklahoma City Thunder,40,42,3971.0,112.3,114.2,111.4,113.2,0.8,1.0,0.567,1.87,17.2,0.289,0.693,0.487,0.127,0.531,0.57,103.6,101.94,84.95,8435,0.498
Orlando Magic,34,48,3956.0,109.0,111.3,111.5,113.7,-2.4,-2.3,0.574,1.54,17.0,0.281,0.73,0.505,0.151,0.532,0.573,101.7,99.66,83.05,8205,0.485
Philadelphia 76ers,54,28,3976.0,115.5,117.0,110.2,112.7,5.2,4.4,0.616,1.84,18.6,0.258,0.721,0.496,0.139,0.563,0.608,99.2,97.44,81.2,8072,0.524
Phoenix Suns,45,37,3956.0,112.1,114.5,110.1,112.3,2.1,2.2,0.647,2.01,19.3,0.307,0.714,0.508,0.136,0.535,0.57,100.8,98.83,82.36,8141,0.514
Portland Trail Blazers,33,49,3946.0,112.0,114.0,116.0,118.0,-4.0,-4.0,0.597,1.67,17.8,0.264,0.709,0.486,0.145,0.549,0.589,101.0,99.25,82.71,8157,0.474
Sacramento Kings,48,34,3966.0,117.0,118.6,114.1,116.0,2.9,2.6,0.626,2.02,19.3,0.265,0.731,0.499,0.133,0.572,0.608,102.5,100.99,84.16,8343,0.511
San Antonio Spurs,22,60,3971.0,107.2,109.7,117.7,119.6,-10.5,-9.9,0.632,1.78,18.7,0.299,0.709,0.495,0.148,0.525,0.554,104.1,102.07,85.06,8451,0.452
Toronto Raptors,41,41,3961.0,112.2,114.6,111.4,113.1,0.8,1.5,0.571,2.05,17.2,0.316,0.721,0.502,0.118,0.517,0.555,99.6,97.85,81.54,8076,0.496
Utah Jazz,37,45,3961.0,112.7,115.3,113.8,116.0,-1.1,-0.7,0.611,1.69,18.2,0.308,0.711,0.512,0.151,0.547,0.584,103.1,101.02,84.18,8329,0.498
Washington Wizards,35,47,3951.0,111.5,113.7,113.3,114.9,-1.8,-1.2,0.603,1.8,18.5,0.273,0.724,0.505,0.142,0.55,0.585,100.8,99.16,82.63,8161,0.504
