,TEAM_ID_HOME,TEAM_NAME_HOME,WL_HOME,MIN_HOME,PTS_HOME,FGM_HOME,FGA_HOME,FG_PCT_HOME,FG3M_HOME,FG3A_HOME,FG3_PCT_HOME,FTM_HOME,FTA_HOME,FT_PCT_HOME,OREB_HOME,DREB_HOME,REB_HOME,AST_HOME,STL_HOME,BLK_HOME,TOV_HOME,PF_HOME,PLUS_MINUS_HOME,SEASON_ID,GAME_DATE,MATCHUP,GAME_ID,TEAM_ID_AWAY,TEAM_NAME_AWAY,WL_AWAY,MIN_AWAY,PTS_AWAY,FGM_AWAY,FGA_AWAY,FG_PCT_AWAY,FG3M_AWAY,FG3A_AWAY,FG3_PCT_AWAY,FTM_AWAY,FTA_AWAY,FT_PCT_AWAY,OREB_AWAY,DREB_AWAY,REB_AWAY,AST_AWAY,STL_AWAY,BLK_AWAY,TOV_AWAY,PF_AWAY,PLUS_MINUS_AWAY
6009,1610612737,Atlanta Hawks,L,240,122,44,96,0.458,17,44,0.386,17,18,0.944,13,22,35,25,9,2,10,21,-7.0,22023,2023-12-11,ATL vs. DEN,22300296,1610612743,Denver Nuggets,W,240,129,47,88,0.534,12,29,0.414,23,29,0.793,14,35,49,29,9,8,16,19,7.0
6010,1610612737,Atlanta Hawks,L,240,109,38,87,0.437,18,46,0.391,15,18,0.833,15,33,48,23,6,6,21,19,-8.0,22023,2023-11-11,ATL vs. MIA,22300175,1610612748,Miami Heat,W,239,117,41,84,0.488,12,38,0.316,23,25,0.92,7,32,39,23,10,4,15,14,8.0
6011,1610612737,Atlanta Hawks,W,238,127,48,86,0.558,14,30,0.467,17,18,0.944,4,32,36,28,6,7,9,12,14.0,22023,2023-10-30,ATL vs. MIN,22300104,1610612750,Minnesota Timberwolves,L,240,113,44,90,0.489,16,33,0.485,9,15,0.6,10,28,38,24,5,5,10,17,-14.0
6012,1610612737,Atlanta Hawks,L,240,113,42,94,0.447,12,35,0.343,17,18,0.944,11,38,49,25,5,4,12,23,-1.0,22023,2023-12-06,ATL vs. BKN,22301209,1610612751,Brooklyn Nets,W,240,114,43,94,0.457,11,27,0.407,17,24,0.708,12,33,45,24,7,6,12,19,1.0
6013,1610612737,Atlanta Hawks,W,264,147,51,116,0.44,18,49,0.367,27,29,0.931,22,36,58,24,10,8,14,18,2.0,22023,2023-11-22,ATL vs. BKN,22300227,1610612751,Brooklyn Nets,L,265,145,55,113,0.487,15,35,0.429,20,24,0.833,22,37,59,28,8,6,16,24,-2.0
6014,1610612737,Atlanta Hawks,L,238,114,41,75,0.547,12,31,0.387,20,26,0.769,6,24,30,28,11,6,15,20,-2.0,22023,2023-11-15,ATL vs. NYK,22300193,1610612752,New York Knicks,W,241,116,45,94,0.479,16,34,0.471,10,11,0.909,14,28,42,29,9,2,16,20,2.0
6015,1610612737,Atlanta Hawks,L,240,120,42,87,0.483,12,32,0.375,24,30,0.8,9,35,44,28,7,6,14,20,-6.0,22023,2023-10-27,ATL vs. NYK,22300079,1610612752,New York Knicks,W,240,126,43,90,0.478,20,44,0.455,20,28,0.714,12,33,45,30,9,6,16,21,6.0
6016,1610612737,Atlanta Hawks,L,240,152,57,95,0.6,15,31,0.484,23,28,0.821,12,27,39,28,8,4,15,23,-5.0,22023,2023-11-21,ATL vs. IND,22300039,1610612754,Indiana Pacers,W,240,157,57,94,0.606,22,45,0.489,21,28,0.75,7,22,29,35,7,11,13,25,5.0
6017,1610612737,Atlanta Hawks,L,239,116,40,89,0.449,12,33,0.364,24,30,0.8,14,25,39,24,8,4,13,20,-10.0,22023,2023-11-17,ATL vs. PHI,22300029,1610612755,Philadelphia 76ers,W,238,126,43,88,0.489,13,30,0.433,27,28,0.964,13,30,43,32,9,4,15,20,10.0
6018,1610612737,Atlanta Hawks,L,239,110,37,94,0.394,15,43,0.349,21,25,0.84,18,33,51,29,9,4,15,16,-7.0,22023,2023-12-29,ATL vs. SAC,22300431,1610612758,Sacramento Kings,W,241,117,46,89,0.517,17,45,0.378,8,15,0.533,5,33,38,35,9,3,12,20,7.0
6019,1610612737,Atlanta Hawks,L,239,119,45,96,0.469,13,43,0.302,16,20,0.8,13,28,41,28,8,5,10,22,-6.0,22023,2023-12-23,ATL vs. MEM,22300393,1610612763,Memphis Grizzlies,W,239,125,50,97,0.515,11,33,0.333,14,22,0.636,15,36,51,29,6,7,11,16,6.0
6020,1610612737,Atlanta Hawks,W,241,130,46,92,0.5,9,32,0.281,29,32,0.906,14,43,57,26,8,3,20,16,9.0,22023,2023-11-01,ATL vs. WAS,22300117,1610612764,Washington Wizards,L,240,121,51,101,0.505,10,40,0.25,9,14,0.643,6,29,35,32,14,3,11,25,-9.0
6021,1610612737,Atlanta Hawks,W,240,130,46,85,0.541,16,36,0.444,22,27,0.815,11,29,40,25,6,10,17,24,6.0,22023,2023-12-18,ATL vs. DET,22300352,1610612765,Detroit Pistons,L,239,124,48,94,0.511,9,22,0.409,19,27,0.704,12,24,36,23,7,3,13,26,-6.0
6022,1610612738,Boston Celtics,W,240,116,43,85,0.506,13,36,0.361,17,20,0.85,13,31,44,22,7,8,13,15,9.0,22023,2023-12-14,BOS vs. CLE,22300319,1610612739,Cleveland Cavaliers,L,240,107,40,83,0.482,11,33,0.333,16,17,0.941,9,30,39,21,7,1,16,18,-9.0
6023,1610612738,Boston Celtics,W,241,120,38,84,0.452,18,44,0.409,26,26,1.0,12,33,45,23,9,9,13,13,7.0,22023,2023-12-12,BOS vs. CLE,22300305,1610612739,Cleveland Cavaliers,L,241,113,44,92,0.478,19,45,0.422,6,9,0.667,6,29,35,27,6,4,12,18,-7.0
6024,1610612738,Boston Celtics,W,241,124,47,90,0.522,21,49,0.429,9,12,0.75,11,41,52,36,6,9,16,18,27.0,22023,2023-11-28,BOS vs. CHI,22300053,1610612741,Chicago Bulls,L,241,97,39,90,0.433,9,28,0.321,10,18,0.556,9,28,37,25,11,7,8,13,-27.0
6025,1610612738,Boston Celtics,W,239,119,45,95,0.474,16,39,0.41,13,19,0.684,16,39,55,20,7,6,15,19,8.0,22023,2023-10-27,BOS vs. MIA,22300080,1610612748,Miami Heat,L,240,111,38,89,0.427,16,33,0.485,19,23,0.826,11,34,45,24,8,6,12,16,-8.0
6026,1610612739,Cleveland Cavaliers,L,239,104,41,87,0.471,17,44,0.386,5,8,0.625,6,29,35,34,4,3,11,13,-19.0,22023,2023-12-21,CLE vs. NOP,22300375,1610612740,New Orleans Pelicans,W,240,123,47,86,0.547,15,35,0.429,14,16,0.875,7,33,40,32,7,4,9,15,19.0
6027,1610612739,Cleveland Cavaliers,W,240,121,45,82,0.549,11,27,0.407,20,26,0.769,11,36,47,30,6,5,13,18,12.0,22023,2023-11-19,CLE vs. DEN,22300210,1610612743,Denver Nuggets,L,240,109,39,82,0.476,14,29,0.483,17,23,0.739,9,24,33,23,7,5,11,21,-12.0
6028,1610612739,Cleveland Cavaliers,W,240,115,41,83,0.494,11,37,0.297,22,28,0.786,13,41,54,26,8,2,18,21,11.0,22023,2023-11-05,CLE vs. GSW,22300142,1610612744,Golden State Warriors,L,240,104,34,94,0.362,16,41,0.39,20,30,0.667,17,27,44,26,10,4,13,18,-11.0
6029,1610612739,Cleveland Cavaliers,W,265,135,47,97,0.485,19,48,0.396,22,34,0.647,14,24,38,29,7,8,11,25,5.0,22023,2023-12-18,CLE vs. HOU,22300349,1610612745,Houston Rockets,L,265,130,47,102,0.461,12,33,0.364,24,27,0.889,15,32,47,34,9,5,13,32,-5.0
6030,1610612739,Cleveland Cavaliers,L,241,115,43,91,0.473,9,28,0.321,20,23,0.87,7,30,37,30,13,4,14,16,-6.0,22023,2023-11-25,CLE vs. LAL,22300242,1610612747,Los Angeles Lakers,W,241,121,47,90,0.522,9,27,0.333,18,21,0.857,9,35,44,34,9,8,18,15,6.0
6031,1610612739,Cleveland Cavaliers,L,240,96,36,77,0.468,14,30,0.467,10,14,0.714,7,27,34,25,5,6,19,17,-33.0,22023,2023-11-22,CLE vs. MIA,22300229,1610612748,Miami Heat,W,240,129,46,88,0.523,20,35,0.571,17,21,0.81,10,31,41,30,11,7,10,19,33.0
6032,1610612739,Cleveland Cavaliers,L,239,111,49,103,0.476,6,43,0.14,7,9,0.778,7,30,37,28,11,7,8,20,-8.0,22023,2023-12-29,CLE vs. MIL,22300433,1610612749,Milwaukee Bucks,W,241,119,41,80,0.513,12,29,0.414,25,28,0.893,7,36,43,26,5,6,17,15,8.0
6033,1610612739,Cleveland Cavaliers,L,240,91,36,92,0.391,10,38,0.263,9,12,0.75,14,32,46,19,6,6,15,19,-18.0,22023,2023-10-31,CLE vs. NYK,22300112,1610612752,New York Knicks,W,240,109,38,86,0.442,13,34,0.382,20,25,0.8,12,36,48,18,9,1,14,17,18.0
6034,1610612739,Cleveland Cavaliers,W,241,121,46,86,0.535,14,34,0.412,15,20,0.75,10,35,45,29,5,2,15,27,10.0,22023,2023-12-06,CLE vs. ORL,22301205,1610612753,Orlando Magic,L,240,111,41,84,0.488,2,23,0.087,27,37,0.73,7,29,36,22,10,6,11,21,-10.0
6035,1610612739,Cleveland Cavaliers,L,241,113,43,99,0.434,12,31,0.387,15,24,0.625,18,33,51,29,2,6,6,16,-12.0,22023,2023-10-28,CLE vs. IND,22300091,1610612754,Indiana Pacers,W,240,125,48,98,0.49,15,38,0.395,14,17,0.824,11,37,48,36,3,4,7,20,12.0
6036,1610612739,Cleveland Cavaliers,L,241,95,38,89,0.427,7,32,0.219,12,12,1.0,14,21,35,25,12,2,17,15,-8.0,22023,2023-11-30,CLE vs. POR,22300265,1610612757,Portland Trail Blazers,W,240,103,39,77,0.506,14,35,0.4,11,11,1.0,9,31,40,29,10,4,22,17,8.0
6037,1610612739,Cleveland Cavaliers,L,240,105,38,92,0.413,12,45,0.267,17,23,0.739,8,40,48,20,10,8,13,16,-3.0,22023,2023-10-27,CLE vs. OKC,22300081,1610612760,Oklahoma City Thunder,W,239,108,40,87,0.46,13,26,0.5,15,19,0.789,6,41,47,22,8,10,18,17,3.0
6038,1610612739,Cleveland Cavaliers,W,239,105,45,97,0.464,10,31,0.323,5,6,0.833,12,37,49,29,2,5,14,18,3.0,22023,2023-11-26,CLE vs. TOR,22300251,1610612761,Toronto Raptors,L,240,102,37,89,0.416,8,32,0.25,20,29,0.69,17,33,50,17,9,3,12,11,-3.0
6039,1610612739,Cleveland Cavaliers,W,241,124,45,96,0.469,23,51,0.451,11,16,0.688,14,30,44,34,8,3,11,23,8.0,22023,2023-12-20,CLE vs. UTA,22300364,1610612762,Utah Jazz,L,241,116,40,78,0.513,13,30,0.433,23,28,0.821,6,32,38,24,5,6,16,22,-8.0
6040,1610612739,Cleveland Cavaliers,W,242,108,42,82,0.512,9,21,0.429,15,21,0.714,7,32,39,21,9,6,12,9,8.0,22023,2023-11-17,CLE vs. DET,22300030,1610612765,Detroit Pistons,L,240,100,39,91,0.429,9,35,0.257,13,15,0.867,18,33,51,20,8,6,17,19,-8.0
6041,1610612740,New Orleans Pelicans,W,241,131,49,94,0.521,14,38,0.368,19,26,0.731,12,30,42,33,17,6,12,20,21.0,22023,2023-11-14,NOP vs. DAL,22300022,1610612742,Dallas Mavericks,L,239,110,38,90,0.422,14,42,0.333,20,26,0.769,16,29,45,25,4,3,20,16,-21.0
6042,1610612740,New Orleans Pelicans,L,241,124,47,92,0.511,17,36,0.472,13,22,0.591,13,41,54,31,2,3,18,20,-12.0,22023,2023-11-12,NOP vs. DAL,22300183,1610612742,Dallas Mavericks,W,241,136,50,102,0.49,20,53,0.377,16,21,0.762,8,34,42,29,7,6,6,19,12.0
6043,1610612740,New Orleans Pelicans,W,240,115,46,88,0.523,12,23,0.522,11,21,0.524,4,35,39,33,8,5,9,13,5.0,22023,2023-11-17,NOP vs. DEN,22300034,1610612743,Denver Nuggets,L,240,110,47,96,0.49,10,40,0.25,6,12,0.5,11,40,51,37,4,3,13,20,-5.0
6044,1610612740,New Orleans Pelicans,L,239,102,38,93,0.409,10,39,0.256,16,26,0.615,14,25,39,23,8,3,11,18,-28.0,22023,2023-10-30,NOP vs. GSW,22300108,1610612744,Golden State Warriors,W,242,130,51,98,0.52,15,41,0.366,13,20,0.65,21,43,64,28,6,7,14,21,28.0
6045,1610612740,New Orleans Pelicans,L,240,104,38,82,0.463,8,31,0.258,20,29,0.69,13,33,46,21,9,7,16,22,-2.0,22023,2023-12-23,NOP vs. HOU,22300392,1610612745,Houston Rockets,W,238,106,35,82,0.427,9,29,0.31,27,35,0.771,13,31,44,21,9,2,11,20,2.0
6046,1610612740,New Orleans Pelicans,W,240,129,45,87,0.517,17,34,0.5,22,27,0.815,12,35,47,33,9,6,11,22,20.0,22023,2023-12-31,NOP vs. LAL,22300446,1610612747,Los Angeles Lakers,L,240,109,39,82,0.476,10,32,0.313,21,25,0.84,4,31,35,26,8,10,13,15,-20.0
6047,1610612740,New Orleans Pelicans,W,240,121,40,82,0.488,10,27,0.37,31,40,0.775,10,37,47,27,7,7,13,20,14.0,22023,2023-12-11,NOP vs. MIN,22300301,1610612750,Minnesota Timberwolves,L,240,107,40,91,0.44,13,36,0.361,14,19,0.737,11,36,47,26,5,3,11,28,-14.0
6048,1610612740,New Orleans Pelicans,L,240,120,44,86,0.512,12,29,0.414,20,23,0.87,13,27,40,27,9,5,17,26,-1.0,22023,2023-11-18,NOP vs. MIN,22300203,1610612750,Minnesota Timberwolves,W,239,121,43,80,0.538,13,31,0.419,22,27,0.815,5,28,33,29,6,7,14,21,1.0
6049,1610612740,New Orleans Pelicans,W,241,96,40,87,0.46,9,33,0.273,7,16,0.438,4,39,43,20,8,5,13,22,9.0,22023,2023-10-28,NOP vs. NYK,22300090,1610612752,New York Knicks,L,242,87,33,90,0.367,7,37,0.189,14,18,0.778,16,43,59,19,7,3,18,17,-9.0
6050,1610612740,New Orleans Pelicans,W,240,124,42,78,0.538,10,30,0.333,30,34,0.882,13,27,40,33,11,4,20,22,10.0,22023,2023-11-29,NOP vs. PHI,22300262,1610612755,Philadelphia 76ers,L,239,114,42,81,0.519,14,34,0.412,16,18,0.889,8,22,30,28,8,7,21,26,-10.0
6051,1610612740,New Orleans Pelicans,W,241,117,41,87,0.471,7,30,0.233,28,37,0.757,13,35,48,23,10,2,10,28,5.0,22023,2023-11-22,NOP vs. SAC,22300233,1610612758,Sacramento Kings,L,242,112,34,76,0.447,15,44,0.341,29,35,0.829,4,34,38,22,3,1,15,25,-5.0
6052,1610612740,New Orleans Pelicans,W,240,129,50,92,0.543,12,28,0.429,17,21,0.81,10,45,55,38,8,6,10,19,36.0,22023,2023-11-20,NOP vs. SAC,22300222,1610612758,Sacramento Kings,L,240,93,33,87,0.379,11,45,0.244,16,24,0.667,9,27,36,27,4,5,13,21,-36.0
6053,1610612740,New Orleans Pelicans,W,241,121,42,85,0.494,10,31,0.323,27,29,0.931,10,32,42,26,8,6,11,15,15.0,22023,2023-12-01,NOP vs. SAS,22300278,1610612759,San Antonio Spurs,L,240,106,38,83,0.458,16,39,0.41,14,17,0.824,8,31,39,28,5,5,19,21,-15.0
6054,1610612740,New Orleans Pelicans,W,240,112,45,82,0.549,10,27,0.37,12,15,0.8,6,29,35,27,10,7,14,19,7.0,22023,2023-12-28,NOP vs. UTA,22300424,1610612762,Utah Jazz,L,240,105,36,85,0.424,12,39,0.308,21,25,0.84,17,25,42,27,5,3,18,15,-7.0
6055,1610612740,New Orleans Pelicans,L,266,115,42,97,0.433,10,31,0.323,21,33,0.636,10,36,46,18,12,6,14,26,-1.0,22023,2023-12-26,NOP vs. MEM,22300410,1610612763,Memphis Grizzlies,W,265,116,39,90,0.433,11,46,0.239,27,32,0.844,8,42,50,24,10,17,17,24,1.0
6056,1610612740,New Orleans Pelicans,L,238,113,40,85,0.471,11,25,0.44,22,24,0.917,11,28,39,23,4,3,11,23,-2.0,22023,2023-12-19,NOP vs. MEM,22300360,1610612763,Memphis Grizzlies,W,242,115,41,82,0.5,10,31,0.323,23,29,0.793,13,29,42,19,5,7,17,19,2.0
6057,1610612740,New Orleans Pelicans,W,239,125,39,80,0.488,14,32,0.438,33,35,0.943,7,29,36,27,5,7,12,18,9.0,22023,2023-11-02,NOP vs. DET,22300129,1610612765,Detroit Pistons,L,241,116,41,94,0.436,13,38,0.342,21,26,0.808,19,29,48,30,4,5,16,31,-9.0
6058,1610612741,Chicago Bulls,L,241,106,36,86,0.419,13,40,0.325,21,23,0.913,11,30,41,26,6,9,12,22,-7.4,22023,2023-12-12,CHI vs. DEN,22300307,1610612743,Denver Nuggets,W,242,114,39,83,0.47,14,30,0.467,22,32,0.688,15,31,46,28,4,4,10,20,8.0
6059,1610612741,Chicago Bulls,W,240,124,48,88,0.545,18,34,0.529,10,11,0.909,7,41,48,25,7,6,15,15,16.0,22023,2023-12-20,CHI vs. LAL,22300370,1610612747,Los Angeles Lakers,L,240,108,42,94,0.447,12,37,0.324,12,15,0.8,8,32,40,27,7,7,13,11,-16.0
6060,1610612741,Chicago Bulls,L,239,100,37,81,0.457,11,37,0.297,15,16,0.938,7,29,36,21,2,7,11,16,-18.0,22023,2023-11-20,CHI vs. MIA,22300220,1610612748,Miami Heat,W,239,118,42,84,0.5,17,35,0.486,17,20,0.85,9,34,43,31,7,1,8,19,18.0
6061,1610612741,Chicago Bulls,W,240,102,36,81,0.444,16,45,0.356,14,19,0.737,10,34,44,24,9,6,12,22,5.0,22023,2023-11-18,CHI vs. MIA,22300204,1610612748,Miami Heat,L,240,97,33,77,0.429,12,36,0.333,19,23,0.826,5,29,34,23,9,0,15,18,-5.0
6062,1610612741,Chicago Bulls,W,265,120,45,98,0.459,13,37,0.351,17,22,0.773,14,37,51,32,14,4,21,18,7.0,22023,2023-11-30,CHI vs. MIL,22300269,1610612749,Milwaukee Bucks,L,266,113,44,98,0.449,16,48,0.333,9,13,0.692,9,34,43,28,12,6,20,21,-7.0
6063,1610612741,Chicago Bulls,L,238,107,43,89,0.483,11,28,0.393,10,14,0.714,9,33,42,21,4,4,10,13,-2.0,22023,2023-11-03,CHI vs. BKN,22300004,1610612751,Brooklyn Nets,W,240,109,44,96,0.458,18,45,0.4,3,5,0.6,8,31,39,32,4,4,8,12,2.0
6064,1610612741,Chicago Bulls,L,241,97,35,79,0.443,10,29,0.345,17,22,0.773,5,29,34,19,10,3,16,21,-6.0,22023,2023-11-17,CHI vs. ORL,22300033,1610612753,Orlando Magic,W,240,103,38,79,0.481,11,34,0.324,16,23,0.696,10,36,46,24,7,7,17,22,6.0
6065,1610612741,Chicago Bulls,L,239,94,33,83,0.398,9,33,0.273,19,22,0.864,14,39,53,16,7,4,19,25,-2.0,22023,2023-11-15,CHI vs. ORL,22300196,1610612753,Orlando Magic,W,242,96,32,82,0.39,8,28,0.286,24,30,0.8,12,34,46,20,12,3,13,21,2.0
6066,1610612741,Chicago Bulls,L,240,104,40,97,0.412,7,27,0.259,17,22,0.773,13,34,47,19,7,4,7,20,-16.0,22023,2023-12-28,CHI vs. IND,22300422,1610612754,Indiana Pacers,W,241,120,43,85,0.506,19,42,0.452,15,22,0.682,6,41,47,30,6,9,13,21,16.0
6067,1610612741,Chicago Bulls,W,239,105,40,79,0.506,7,25,0.28,18,30,0.6,12,41,53,21,5,5,16,15,13.0,22023,2023-12-30,CHI vs. PHI,22300442,1610612755,Philadelphia 76ers,L,239,92,36,92,0.391,9,38,0.237,11,15,0.733,12,24,36,24,12,5,7,22,-13.0
6068,1610612741,Chicago Bulls,L,266,115,42,96,0.438,14,33,0.424,17,23,0.739,9,30,39,30,12,7,14,22,-1.0,22023,2023-11-08,CHI vs. PHX,22300162,1610612756,Phoenix Suns,W,264,116,38,90,0.422,19,48,0.396,21,25,0.84,13,41,54,32,7,10,21,20,1.0
6069,1610612741,Chicago Bulls,W,239,114,49,90,0.544,7,28,0.25,9,11,0.818,5,31,36,24,11,5,11,18,19.0,22023,2023-12-21,CHI vs. SAS,22300376,1610612759,San Antonio Spurs,L,240,95,37,81,0.457,10,30,0.333,11,16,0.688,9,32,41,24,6,7,19,11,-19.0
6070,1610612741,Chicago Bulls,L,242,104,39,94,0.415,12,42,0.286,14,18,0.778,13,29,42,26,10,3,12,16,-20.0,22023,2023-10-25,CHI vs. OKC,22300070,1610612760,Oklahoma City Thunder,W,242,124,45,82,0.549,19,39,0.487,15,18,0.833,5,38,43,30,6,4,15,19,20.0
6071,1610612741,Chicago Bulls,W,264,104,37,99,0.374,8,39,0.205,22,28,0.786,15,37,52,18,10,5,16,22,1.0,22023,2023-10-27,CHI vs. TOR,22300082,1610612761,Toronto Raptors,L,266,103,39,84,0.464,9,36,0.25,16,25,0.64,8,45,53,25,5,2,21,29,-1.0
6072,1610612741,Chicago Bulls,W,240,130,48,93,0.516,18,34,0.529,16,19,0.842,10,26,36,26,12,3,8,18,17.0,22023,2023-11-06,CHI vs. UTA,22300152,1610612762,Utah Jazz,L,241,113,41,86,0.477,16,43,0.372,15,17,0.882,17,35,52,32,1,7,22,20,-17.0
6073,1610612741,Chicago Bulls,W,240,119,44,91,0.484,11,30,0.367,20,25,0.8,11,29,40,22,12,6,6,21,11.0,22023,2023-11-12,CHI vs. DET,22300181,1610612765,Detroit Pistons,L,239,108,38,88,0.432,11,32,0.344,21,26,0.808,16,33,49,26,4,6,16,19,-11.0
6074,1610612741,Chicago Bulls,W,241,111,38,90,0.422,12,25,0.48,23,29,0.793,21,36,57,23,6,6,16,16,11.0,22023,2023-12-06,CHI vs. CHA,22301211,1610612766,Charlotte Hornets,L,241,100,39,90,0.433,10,37,0.27,12,12,1.0,12,30,42,25,9,9,16,24,-11.0
6075,1610612742,Dallas Mavericks,W,241,121,42,89,0.472,12,34,0.353,25,29,0.862,9,29,38,25,5,4,7,25,6.0,22023,2023-11-28,DAL vs. HOU,22300059,1610612745,Houston Rockets,L,241,115,42,85,0.494,8,29,0.276,23,29,0.793,10,30,40,33,2,6,12,27,-6.0
6076,1610612742,Dallas Mavericks,L,241,111,39,91,0.429,14,43,0.326,19,27,0.704,13,23,36,23,8,3,6,19,-9.0,22023,2023-12-20,DAL vs. LAC,22300372,1610612746,LA Clippers,W,239,120,43,77,0.558,11,31,0.355,23,25,0.92,7,37,44,27,6,4,12,22,9.0
6077,1610612742,Dallas Mavericks,W,240,144,51,98,0.52,19,42,0.452,23,26,0.885,15,26,41,30,7,1,8,23,18.0,22023,2023-11-10,DAL vs. LAC,22300014,1610612746,LA Clippers,L,240,126,43,88,0.489,8,27,0.296,32,36,0.889,19,28,47,21,7,2,14,27,-18.0
6078,1610612742,Dallas Mavericks,W,239,127,44,89,0.494,21,43,0.488,18,21,0.857,12,24,36,28,7,5,10,17,2.0,22023,2023-12-12,DAL vs. LAL,22300306,1610612747,Los Angeles Lakers,L,241,125,49,91,0.538,15,29,0.517,12,18,0.667,10,30,40,34,4,4,15,20,-2.0
6079,1610612742,Dallas Mavericks,L,240,101,39,83,0.47,7,32,0.219,16,18,0.889,4,30,34,21,6,2,15,19,-18.0,22023,2023-12-14,DAL vs. MIN,22300321,1610612750,Minnesota Timberwolves,W,241,119,44,88,0.5,14,31,0.452,17,25,0.68,12,33,45,30,9,4,15,19,18.0
6080,1610612742,Dallas Mavericks,W,240,125,44,91,0.484,15,36,0.417,22,28,0.786,8,32,40,20,5,2,9,15,5.0,22023,2023-10-27,DAL vs. BKN,22300084,1610612751,Brooklyn Nets,L,238,120,45,92,0.489,21,43,0.488,9,10,0.9,10,37,47,30,5,4,15,28,-5.0
6081,1610612742,Dallas Mavericks,L,239,113,41,88,0.466,12,34,0.353,19,26,0.731,11,29,40,23,8,2,10,15,-16.0,22023,2023-11-19,DAL vs. SAC,22300212,1610612758,Sacramento Kings,W,241,129,48,90,0.533,17,40,0.425,16,21,0.762,14,34,48,34,9,3,12,20,16.0
6082,1610612742,Dallas Mavericks,W,241,144,52,100,0.52,23,45,0.511,17,21,0.81,11,41,52,26,7,6,12,18,25.0,22023,2023-12-23,DAL vs. SAS,22300398,1610612759,San Antonio Spurs,L,239,119,44,98,0.449,14,45,0.311,17,24,0.708,8,34,42,32,9,3,10,16,-25.0
6083,1610612742,Dallas Mavericks,L,241,120,39,87,0.448,19,52,0.365,23,35,0.657,15,32,47,26,5,12,15,21,-6.0,22023,2023-12-02,DAL vs. OKC,22300287,1610612760,Oklahoma City Thunder,W,241,126,44,100,0.44,20,44,0.455,18,22,0.818,16,34,50,24,8,5,12,24,6.0
6084,1610612742,Dallas Mavericks,L,240,116,40,84,0.476,17,41,0.415,19,31,0.613,6,32,38,25,4,6,15,21,-11.0,22023,2023-11-08,DAL vs. TOR,22300168,1610612761,Toronto Raptors,W,241,127,49,99,0.495,11,36,0.306,18,27,0.667,15,35,50,27,10,4,11,25,11.0
6085,1610612742,Dallas Mavericks,W,241,147,56,101,0.554,22,49,0.449,13,19,0.684,11,36,47,37,11,5,7,14,50.0,22023,2023-12-06,DAL vs. UTA,22301213,1610612762,Utah Jazz,L,240,97,35,87,0.402,12,33,0.364,15,18,0.833,11,32,43,22,6,3,19,20,-50.0
6086,1610612742,Dallas Mavericks,L,240,94,34,92,0.37,12,39,0.308,14,21,0.667,13,29,42,27,9,5,11,13,-14.0,22023,2023-12-01,DAL vs. MEM,22300277,1610612763,Memphis Grizzlies,W,240,108,44,90,0.489,11,34,0.324,9,11,0.818,13,39,52,27,8,12,14,23,14.0
6087,1610612742,Dallas Mavericks,W,239,124,43,91,0.473,14,42,0.333,24,32,0.75,9,38,47,31,3,6,10,19,6.0,22023,2023-11-05,DAL vs. CHA,22300143,1610612766,Charlotte Hornets,L,240,118,49,99,0.495,8,30,0.267,12,21,0.571,10,33,43,30,5,2,8,25,-6.0
6088,1610612743,Denver Nuggets,W,241,120,40,82,0.488,14,34,0.412,26,32,0.813,10,33,43,25,6,4,14,17,6.0,22023,2023-12-25,DEN vs. GSW,22300402,1610612744,Golden State Warriors,L,240,114,40,87,0.46,14,40,0.35,20,23,0.87,9,30,39,23,7,3,13,23,-6.0
6089,1610612743,Denver Nuggets,W,240,108,41,92,0.446,11,35,0.314,15,22,0.682,10,35,45,24,7,4,6,20,3.0,22023,2023-11-08,DEN vs. GSW,22300169,1610612744,Golden State Warriors,L,240,105,37,86,0.43,11,35,0.314,20,26,0.769,11,38,49,21,5,0,9,20,-3.0
6090,1610612743,Denver Nuggets,L,240,106,38,90,0.422,10,28,0.357,20,27,0.741,12,35,47,22,4,5,10,24,-8.0,22023,2023-12-08,DEN vs. HOU,22301224,1610612745,Houston Rockets,W,240,114,35,82,0.427,13,39,0.333,31,42,0.738,11,36,47,21,3,3,9,20,8.0
6091,1610612743,Denver Nuggets,W,240,134,48,95,0.505,19,43,0.442,19,26,0.731,13,28,41,37,4,2,3,18,10.0,22023,2023-11-29,DEN vs. HOU,22300263,1610612745,Houston Rockets,L,241,124,47,86,0.547,16,41,0.39,14,19,0.737,8,27,35,27,3,5,8,20,-10.0
6092,1610612743,Denver Nuggets,W,240,111,39,73,0.534,8,23,0.348,25,32,0.781,6,30,36,26,4,2,14,19,3.0,22023,2023-11-14,DEN vs. LAC,22300024,1610612746,LA Clippers,L,238,108,37,86,0.43,13,29,0.448,21,24,0.875,14,28,42,21,10,1,10,24,-3.0
6093,1610612744,Golden State Warriors,W,240,121,36,77,0.468,21,43,0.488,28,33,0.848,8,35,43,26,3,1,8,21,5.0,22023,2023-11-20,GSW vs. HOU,22300224,1610612745,Houston Rockets,L,239,116,44,95,0.463,13,41,0.317,15,19,0.789,15,33,48,28,6,3,8,24,-5.0
6094,1610612744,Golden State Warriors,W,240,120,41,82,0.5,15,39,0.385,23,31,0.742,10,37,47,30,3,4,7,18,6.0,22023,2023-11-30,GSW vs. LAC,22300273,1610612746,LA Clippers,L,241,114,42,95,0.442,12,32,0.375,18,24,0.75,15,28,43,26,5,1,6,21,-6.0
6095,1610612744,Golden State Warriors,L,241,102,37,88,0.42,8,33,0.242,20,25,0.8,12,31,43,27,4,7,13,19,-12.0,22023,2023-12-28,GSW vs. MIA,22300426,1610612748,Miami Heat,W,241,114,44,91,0.484,10,31,0.323,16,22,0.727,10,34,44,26,6,1,7,19,12.0
6096,1610612744,Golden State Warriors,L,242,101,37,88,0.42,13,39,0.333,14,16,0.875,13,33,46,28,11,2,19,22,-3.0,22023,2023-11-14,GSW vs. MIN,22300025,1610612750,Minnesota Timberwolves,W,239,104,36,81,0.444,14,34,0.412,18,21,0.857,9,33,42,24,9,5,19,19,3.0
6097,1610612744,Golden State Warriors,L,239,110,37,96,0.385,12,43,0.279,24,28,0.857,19,32,51,24,9,0,14,28,-6.0,22023,2023-11-12,GSW vs. MIN,22300186,1610612750,Minnesota Timberwolves,W,240,116,43,82,0.524,9,27,0.333,21,30,0.7,9,38,47,27,8,6,14,19,6.0
6098,1610612744,Golden State Warriors,W,241,124,44,91,0.484,17,32,0.531,19,20,0.95,13,29,42,29,7,5,14,15,4.0,22023,2023-12-16,GSW vs. BKN,22300339,1610612751,Brooklyn Nets,L,241,120,45,93,0.484,17,43,0.395,13,15,0.867,14,28,42,31,6,8,16,21,-4.0
6099,1610612744,Golden State Warriors,L,240,104,36,101,0.356,10,43,0.233,22,28,0.786,18,31,49,19,11,6,11,23,-4.0,22023,2023-10-24,GSW vs. PHX,22300062,1610612756,Phoenix Suns,W,241,108,42,95,0.442,11,33,0.333,13,17,0.765,17,43,60,23,5,7,19,22,4.0
6100,1610612744,Golden State Warriors,W,241,126,48,83,0.578,10,33,0.303,20,24,0.833,13,36,49,38,8,2,16,14,20.0,22023,2023-12-23,GSW vs. POR,22300399,1610612757,Portland Trail Blazers,L,242,106,38,84,0.452,13,35,0.371,17,25,0.68,8,22,30,26,13,3,11,20,-20.0
6101,1610612744,Golden State Warriors,W,239,110,36,86,0.419,10,34,0.294,28,33,0.848,15,35,50,20,4,3,17,19,4.0,22023,2023-12-06,GSW vs. POR,22301214,1610612757,Portland Trail Blazers,L,241,106,39,95,0.411,16,46,0.348,12,16,0.75,11,29,40,22,8,3,10,30,-4.0
6102,1610612744,Golden State Warriors,W,239,102,39,81,0.481,11,31,0.355,13,15,0.867,7,29,36,32,5,6,17,17,1.0,22023,2023-11-01,GSW vs. SAC,22300126,1610612758,Sacramento Kings,L,240,101,36,88,0.409,11,35,0.314,18,23,0.783,14,34,48,24,8,4,12,17,-1.0
6103,1610612744,Golden State Warriors,W,241,118,40,81,0.494,19,42,0.452,19,24,0.792,7,34,41,35,7,2,24,21,6.0,22023,2023-11-24,GSW vs. SAS,22300051,1610612759,San Antonio Spurs,L,240,112,45,100,0.45,12,47,0.255,10,12,0.833,15,31,46,28,10,3,19,18,-6.0
6104,1610612744,Golden State Warriors,L,266,123,44,97,0.454,18,46,0.391,17,21,0.81,14,35,49,33,6,4,16,18,-7.0,22023,2023-11-18,GSW vs. OKC,22300207,1610612760,Oklahoma City Thunder,W,265,130,52,100,0.52,8,23,0.348,18,20,0.9,9,38,47,26,8,7,10,16,7.0
6105,1610612744,Golden State Warriors,L,240,109,40,98,0.408,14,41,0.341,15,19,0.789,20,29,49,27,5,4,16,19,-19.0,22023,2023-11-16,GSW vs. OKC,22300201,1610612760,Oklahoma City Thunder,W,240,128,44,87,0.506,19,32,0.594,21,23,0.913,7,35,42,31,10,3,12,20,19.0
6106,1610612744,Golden State Warriors,W,240,129,47,97,0.485,18,45,0.4,17,20,0.85,14,43,57,33,5,2,12,17,11.0,22023,2023-12-22,GSW vs. WAS,22300386,1610612764,Washington Wizards,L,240,118,44,97,0.454,11,35,0.314,19,24,0.792,9,30,39,25,7,4,9,16,-11.0
6107,1610612745,Houston Rockets,W,239,128,51,93,0.548,14,33,0.424,12,19,0.632,14,43,57,26,4,4,11,23,34.0,22023,2023-11-08,HOU vs. LAL,22300163,1610612747,Los Angeles Lakers,L,241,94,36,85,0.424,7,25,0.28,15,24,0.625,5,29,34,20,7,6,9,18,-34.0
6108,1610612745,Houston Rockets,L,241,117,47,97,0.485,5,24,0.208,18,22,0.818,15,29,44,19,15,2,10,16,-6.0,22023,2023-12-26,HOU vs. IND,22300409,1610612754,Indiana Pacers,W,241,123,43,82,0.524,19,43,0.442,18,21,0.857,10,35,45,28,5,7,20,22,6.0
6109,1610612745,Houston Rockets,L,240,127,49,91,0.538,14,30,0.467,15,21,0.714,14,28,42,30,8,6,16,24,-4.0,22023,2023-12-29,HOU vs. PHI,22300434,1610612755,Philadelphia 76ers,W,240,131,45,86,0.523,12,33,0.364,29,33,0.879,11,19,30,22,10,5,10,21,4.0
6110,1610612745,Houston Rockets,L,240,113,40,96,0.417,17,41,0.415,16,22,0.727,9,24,33,20,11,3,9,21,-16.0,22023,2023-12-27,HOU vs. PHX,22300418,1610612756,Phoenix Suns,W,240,129,47,82,0.573,14,33,0.424,21,26,0.808,8,36,44,28,4,11,19,17,16.0
6111,1610612745,Houston Rockets,W,242,122,43,75,0.573,15,31,0.484,21,27,0.778,5,34,39,28,8,4,10,19,25.0,22023,2023-11-06,HOU vs. SAC,22300153,1610612758,Sacramento Kings,L,239,97,36,81,0.444,14,40,0.35,11,20,0.55,12,22,34,22,5,2,13,22,-25.0
6112,1610612745,Houston Rockets,W,239,107,40,87,0.46,13,36,0.361,14,20,0.7,10,43,53,28,4,3,11,18,18.0,22023,2023-11-04,HOU vs. SAC,22300137,1610612758,Sacramento Kings,L,240,89,32,84,0.381,11,41,0.268,14,19,0.737,8,35,43,20,5,6,11,19,-18.0
6113,1610612745,Houston Rockets,W,239,93,32,93,0.344,12,39,0.308,17,20,0.85,15,45,60,20,7,2,16,18,11.0,22023,2023-12-11,HOU vs. SAS,22300298,1610612759,San Antonio Spurs,L,240,82,31,87,0.356,5,41,0.122,15,22,0.682,9,42,51,20,9,5,17,14,-11.0
6114,1610612749,Milwaukee Bucks,W,240,122,44,87,0.506,12,37,0.324,22,30,0.733,9,34,43,24,8,5,14,23,8.0,22023,2023-10-30,MIL vs. MIA,22300107,1610612748,Miami Heat,L,240,114,41,86,0.477,13,34,0.382,19,20,0.95,7,33,40,27,7,2,14,20,-8.0
6115,1610612749,Milwaukee Bucks,W,239,146,55,91,0.604,23,38,0.605,13,19,0.684,12,25,37,32,12,6,12,23,24.0,22023,2023-12-05,MIL vs. NYK,22301201,1610612752,New York Knicks,L,238,122,43,87,0.494,7,23,0.304,29,33,0.879,12,24,36,27,8,4,16,17,-24.0
6116,1610612749,Milwaukee Bucks,W,241,110,35,82,0.427,20,39,0.513,20,28,0.714,7,34,41,24,6,10,14,16,5.0,22023,2023-11-03,MIL vs. NYK,22300002,1610612752,New York Knicks,L,240,105,38,96,0.396,10,39,0.256,19,25,0.76,16,40,56,18,6,1,10,22,-5.0
6117,1610612749,Milwaukee Bucks,W,239,118,38,90,0.422,11,37,0.297,31,35,0.886,10,41,51,26,3,6,13,22,4.0,22023,2023-12-21,MIL vs. ORL,22300378,1610612753,Orlando Magic,L,241,114,45,99,0.455,8,33,0.242,16,23,0.696,13,32,45,26,6,9,7,23,-4.0
6118,1610612749,Milwaukee Bucks,L,241,113,41,93,0.441,10,40,0.25,21,26,0.808,8,38,46,27,4,8,11,26,-9.0,22023,2024-01-01,MIL vs. IND,22300454,1610612754,Indiana Pacers,W,240,122,43,97,0.443,5,35,0.143,31,38,0.816,14,38,52,23,7,5,7,24,9.0
6119,1610612749,Milwaukee Bucks,W,240,140,48,89,0.539,7,27,0.259,37,48,0.771,12,31,43,27,8,8,15,24,14.0,22023,2023-12-13,MIL vs. IND,22300315,1610612754,Indiana Pacers,L,241,126,45,100,0.45,11,36,0.306,25,32,0.781,16,29,45,30,7,6,18,32,-14.0
6120,1610612749,Milwaukee Bucks,L,240,119,43,96,0.448,12,33,0.364,21,28,0.75,12,34,46,19,3,9,12,17,-9.0,22023,2023-12-07,MIL vs. IND,22301229,1610612754,Indiana Pacers,W,240,128,50,102,0.49,7,33,0.212,21,25,0.84,15,36,51,30,9,8,9,21,9.0
6121,1610612749,Milwaukee Bucks,W,239,118,41,81,0.506,11,30,0.367,25,36,0.694,8,35,43,20,9,4,14,23,1.0,22023,2023-10-26,MIL vs. PHI,22300075,1610612755,Philadelphia 76ers,L,241,117,41,80,0.513,16,35,0.457,19,28,0.679,4,35,39,25,8,4,15,28,-1.0
6122,1610612749,Milwaukee Bucks,W,240,108,35,89,0.393,14,42,0.333,24,32,0.75,18,34,52,19,13,11,17,20,6.0,22023,2023-11-26,MIL vs. POR,22300245,1610612757,Portland Trail Blazers,L,240,102,37,91,0.407,13,32,0.406,15,20,0.75,11,29,40,21,15,4,17,26,-6.0
6123,1610612749,Milwaukee Bucks,W,240,132,50,106,0.472,18,49,0.367,14,18,0.778,11,36,47,34,11,7,6,15,13.0,22023,2023-12-19,MIL vs. SAS,22300361,1610612759,San Antonio Spurs,L,241,119,46,96,0.479,9,30,0.3,18,21,0.857,8,44,52,27,4,4,16,17,-13.0
6124,1610612749,Milwaukee Bucks,W,241,131,48,92,0.522,9,31,0.29,26,33,0.788,10,40,50,28,6,6,9,22,3.0,22023,2023-11-24,MIL vs. WAS,22300049,1610612764,Washington Wizards,L,240,128,48,100,0.48,15,37,0.405,17,21,0.81,12,34,46,29,3,4,8,24,-3.0
6125,1610612751,Brooklyn Nets,L,240,114,43,100,0.43,17,52,0.327,11,17,0.647,10,32,42,22,4,5,5,21,-10.0,22023,2023-11-04,BKN vs. BOS,22300136,1610612738,Boston Celtics,W,240,124,43,90,0.478,15,45,0.333,23,27,0.852,10,40,50,22,4,6,11,17,10.0
6126,1610612751,Brooklyn Nets,L,239,117,43,89,0.483,13,33,0.394,18,26,0.692,14,31,45,32,4,7,10,23,-5.0,22023,2023-12-22,BKN vs. DEN,22300383,1610612743,Denver Nuggets,W,240,122,45,87,0.517,11,26,0.423,21,25,0.84,8,33,41,29,6,5,6,19,5.0
6127,1610612751,Brooklyn Nets,W,240,100,37,92,0.402,15,41,0.366,11,13,0.846,14,35,49,22,10,10,14,14,7.0,22023,2023-11-08,BKN vs. LAC,22300160,1610612746,LA Clippers,L,239,93,36,91,0.396,8,36,0.222,13,13,1.0,11,40,51,22,10,8,15,15,-7.0
6128,1610612751,Brooklyn Nets,W,240,112,39,78,0.5,14,36,0.389,20,23,0.87,8,34,42,27,11,9,11,18,15.0,22023,2023-11-25,BKN vs. MIA,22300240,1610612748,Miami Heat,L,240,97,38,87,0.437,11,34,0.324,10,13,0.769,13,31,44,24,6,3,17,18,-15.0
6129,1610612751,Brooklyn Nets,L,242,102,37,101,0.366,15,47,0.319,13,17,0.765,17,32,49,25,6,9,11,20,-19.0,22023,2023-12-20,BKN vs. NYK,22300368,1610612752,New York Knicks,W,239,121,44,95,0.463,13,33,0.394,20,25,0.8,12,42,54,24,8,7,11,15,19.0
6130,1610612751,Brooklyn Nets,W,240,129,46,91,0.505,14,34,0.412,23,31,0.742,14,43,57,31,4,8,11,21,28.0,22023,2023-12-02,BKN vs. ORL,22300282,1610612753,Orlando Magic,L,238,101,35,88,0.398,9,29,0.31,22,27,0.815,8,29,37,24,3,5,11,27,-28.0
6131,1610612751,Brooklyn Nets,W,241,124,46,85,0.541,19,39,0.487,13,20,0.65,13,31,44,22,13,3,15,24,20.0,22023,2023-11-14,BKN vs. ORL,22300020,1610612753,Orlando Magic,L,239,104,36,82,0.439,16,46,0.348,16,21,0.762,9,28,37,23,9,4,14,16,-20.0
6132,1610612751,Brooklyn Nets,L,240,99,38,81,0.469,11,28,0.393,12,16,0.75,9,36,45,24,2,8,15,14,-22.0,22023,2023-11-19,BKN vs. PHI,22300208,1610612755,Philadelphia 76ers,W,239,121,44,94,0.468,16,35,0.457,17,18,0.944,10,34,44,32,8,4,4,18,22.0
6133,1610612751,Brooklyn Nets,W,241,115,40,89,0.449,13,38,0.342,22,26,0.846,13,46,59,26,7,8,15,17,12.0,22023,2023-11-28,BKN vs. TOR,22300054,1610612761,Toronto Raptors,L,241,103,39,101,0.386,13,36,0.361,12,19,0.632,15,31,46,27,11,3,7,21,-12.0
6134,1610612751,Brooklyn Nets,W,239,124,50,104,0.481,10,33,0.303,14,18,0.778,18,37,55,27,8,8,10,18,27.0,22023,2023-12-08,BKN vs. WAS,22301219,1610612764,Washington Wizards,L,241,97,38,91,0.418,6,33,0.182,15,21,0.714,12,29,41,19,4,7,16,19,-27.0
6135,1610612751,Brooklyn Nets,W,240,102,37,98,0.378,12,49,0.245,16,20,0.8,20,46,66,22,6,6,18,18,8.0,22023,2023-11-12,BKN vs. WAS,22300178,1610612764,Washington Wizards,L,241,94,33,88,0.375,10,41,0.244,18,25,0.72,7,35,42,20,14,3,12,15,-8.0
6136,1610612751,Brooklyn Nets,W,240,126,45,86,0.523,10,24,0.417,26,32,0.813,7,31,38,32,10,3,10,22,11.0,22023,2023-12-23,BKN vs. DET,22300394,1610612765,Detroit Pistons,L,239,115,39,79,0.494,15,35,0.429,22,29,0.759,6,30,36,26,5,3,13,25,-11.0
6137,1610612752,New York Knicks,L,239,104,36,97,0.371,18,41,0.439,14,26,0.538,17,30,47,24,9,0,9,22,-4.0,22023,2023-10-25,NYK vs. BOS,22300065,1610612738,Boston Celtics,W,241,108,37,77,0.481,12,39,0.308,22,26,0.846,7,39,46,18,6,11,13,22,4.0
6138,1610612752,New York Knicks,W,240,111,41,88,0.466,12,31,0.387,17,18,0.944,18,30,48,28,13,1,19,13,14.0,22023,2023-11-06,NYK vs. LAC,22300151,1610612746,LA Clippers,L,238,97,36,73,0.493,11,32,0.344,14,16,0.875,7,24,31,21,8,3,22,15,-14.0
6139,1610612755,Philadelphia 76ers,L,240,107,39,85,0.459,11,30,0.367,18,22,0.818,10,31,41,18,5,1,9,14,-10.0,22023,2023-11-15,PHI vs. BOS,22300194,1610612738,Boston Celtics,W,239,117,42,88,0.477,18,50,0.36,15,19,0.789,12,33,45,23,7,8,9,15,10.0
6140,1610612755,Philadelphia 76ers,W,240,106,42,95,0.442,9,34,0.265,13,15,0.867,12,44,56,20,7,7,12,16,3.0,22023,2023-11-08,PHI vs. BOS,22300159,1610612738,Boston Celtics,L,241,103,36,91,0.396,15,47,0.319,16,19,0.842,9,34,43,28,8,6,12,13,-3.0
6141,1610612755,Philadelphia 76ers,W,238,138,47,93,0.505,22,46,0.478,22,26,0.846,15,33,48,33,11,2,5,17,44.0,22023,2023-11-27,PHI vs. LAL,22300255,1610612747,Los Angeles Lakers,L,240,94,39,83,0.47,7,28,0.25,9,13,0.692,6,26,32,23,3,4,17,18,-44.0
6142,1610612755,Philadelphia 76ers,W,240,127,45,84,0.536,8,22,0.364,29,32,0.906,7,29,36,20,9,3,12,25,14.0,22023,2023-12-20,PHI vs. MIN,22300367,1610612750,Minnesota Timberwolves,L,240,113,42,82,0.512,9,25,0.36,20,24,0.833,9,30,39,22,4,2,18,22,-14.0
6143,1610612755,Philadelphia 76ers,L,241,126,43,86,0.5,6,22,0.273,34,35,0.971,5,33,38,22,5,3,16,26,-6.0,22023,2023-11-14,PHI vs. IND,22300019,1610612754,Indiana Pacers,W,240,132,48,93,0.516,13,37,0.351,23,33,0.697,10,31,41,32,7,5,11,28,6.0
6144,1610612755,Philadelphia 76ers,W,240,137,53,105,0.505,14,33,0.424,17,20,0.85,23,31,54,28,5,7,11,15,11.0,22023,2023-11-12,PHI vs. IND,22300180,1610612754,Indiana Pacers,L,241,126,47,90,0.522,16,39,0.41,16,19,0.842,8,24,32,31,8,9,10,14,-11.0
6145,1610612755,Philadelphia 76ers,W,239,112,43,90,0.478,11,30,0.367,15,18,0.833,15,36,51,24,5,6,17,24,12.0,22023,2023-11-04,PHI vs. PHX,22300132,1610612756,Phoenix Suns,L,241,100,32,89,0.36,9,35,0.257,27,33,0.818,15,27,42,22,11,12,10,11,-12.0
6146,1610612755,Philadelphia 76ers,W,242,126,40,82,0.488,11,28,0.393,35,40,0.875,11,40,51,28,10,17,15,20,28.0,22023,2023-10-29,PHI vs. POR,22300098,1610612757,Portland Trail Blazers,L,243,98,36,94,0.383,7,31,0.226,19,22,0.864,14,28,42,19,10,9,15,26,-28.0
6147,1610612755,Philadelphia 76ers,W,241,121,44,83,0.53,14,31,0.452,19,21,0.905,3,35,38,34,6,6,13,21,10.0,22023,2023-12-22,PHI vs. TOR,22300382,1610612761,Toronto Raptors,L,240,111,39,87,0.448,9,33,0.273,24,28,0.857,11,35,46,30,9,6,12,16,-10.0
6148,1610612755,Philadelphia 76ers,W,240,114,42,92,0.457,9,25,0.36,21,25,0.84,15,31,46,21,12,3,14,19,15.0,22023,2023-11-02,PHI vs. TOR,22300128,1610612761,Toronto Raptors,L,240,99,38,79,0.481,10,28,0.357,13,19,0.684,9,32,41,30,4,3,19,20,-15.0
6149,1610612755,Philadelphia 76ers,W,241,146,52,95,0.547,20,46,0.435,22,25,0.88,9,38,47,37,14,6,13,27,45.0,22023,2023-12-11,PHI vs. WAS,22300295,1610612764,Washington Wizards,L,239,101,36,85,0.424,9,31,0.29,20,31,0.645,13,31,44,21,5,2,22,19,-45.0
6150,1610612755,Philadelphia 76ers,W,241,146,51,91,0.56,12,31,0.387,32,36,0.889,10,35,45,37,12,7,15,15,18.0,22023,2023-11-06,PHI vs. WAS,22300148,1610612764,Washington Wizards,L,240,128,49,96,0.51,14,34,0.412,16,20,0.8,10,28,38,31,6,10,19,26,-18.0
6151,1610612755,Philadelphia 76ers,W,241,124,41,98,0.418,14,37,0.378,28,31,0.903,16,38,54,24,17,8,11,23,32.0,22023,2023-12-15,PHI vs. DET,22300327,1610612765,Detroit Pistons,L,240,92,35,81,0.432,4,21,0.19,18,23,0.783,7,35,42,19,3,7,21,25,-32.0
6152,1610612756,Phoenix Suns,L,240,111,39,84,0.464,9,27,0.333,24,26,0.923,8,35,43,22,4,9,12,17,-8.0,22023,2023-12-01,PHX vs. DEN,22300279,1610612743,Denver Nuggets,W,239,119,50,88,0.568,12,32,0.375,7,12,0.583,4,28,32,38,8,4,9,21,8.0
6153,1610612756,Phoenix Suns,L,242,119,42,94,0.447,15,37,0.405,20,27,0.741,17,35,52,22,9,1,13,24,-3.0,22023,2023-11-10,PHX vs. LAL,22300015,1610612747,Los Angeles Lakers,W,240,122,42,84,0.5,12,27,0.444,26,34,0.765,9,34,43,27,9,7,11,20,3.0
6154,1610612757,Portland Trail Blazers,L,241,95,36,89,0.404,10,37,0.27,13,18,0.722,19,29,48,17,11,2,18,17,-13.0,22023,2023-11-17,POR vs. LAL,22300036,1610612747,Los Angeles Lakers,W,241,107,40,81,0.494,12,29,0.414,15,22,0.682,11,33,44,27,11,6,18,16,13.0
6155,1610612757,Portland Trail Blazers,L,240,97,35,88,0.398,9,32,0.281,18,21,0.857,15,32,47,15,6,1,16,24,-5.0,22023,2023-10-27,POR vs. ORL,22300086,1610612753,Orlando Magic,W,240,102,36,79,0.456,9,28,0.321,21,32,0.656,10,35,45,22,10,5,14,16,5.0
6156,1610612757,Portland Trail Blazers,W,241,109,39,87,0.448,14,28,0.5,17,19,0.895,10,32,42,23,8,4,15,18,5.0,22023,2023-12-19,POR vs. PHX,22300363,1610612756,Phoenix Suns,L,240,104,42,94,0.447,5,23,0.217,15,21,0.714,14,33,47,23,10,6,13,15,-5.0
6157,1610612757,Portland Trail Blazers,W,241,130,49,98,0.5,16,40,0.4,16,20,0.8,16,30,46,28,5,5,7,17,17.0,22023,2023-12-26,POR vs. SAC,22300413,1610612758,Sacramento Kings,L,240,113,45,93,0.484,10,42,0.238,13,16,0.813,11,29,40,25,5,7,10,16,-17.0
6158,1610612757,Portland Trail Blazers,W,240,134,48,95,0.505,16,27,0.593,22,27,0.815,16,27,43,28,8,6,14,19,6.0,22023,2023-12-29,POR vs. SAS,22300437,1610612759,San Antonio Spurs,L,241,128,48,94,0.511,14,33,0.424,18,25,0.72,13,29,42,31,9,3,14,19,-6.0
6159,1610612757,Portland Trail Blazers,L,241,105,35,101,0.347,11,36,0.306,24,32,0.75,22,35,57,16,6,4,13,22,-13.0,22023,2023-12-28,POR vs. SAS,22300427,1610612759,San Antonio Spurs,W,241,118,41,85,0.482,10,36,0.278,26,28,0.929,7,35,42,33,9,10,11,20,13.0
6160,1610612757,Portland Trail Blazers,L,238,91,34,85,0.4,9,34,0.265,14,21,0.667,13,18,31,21,10,2,17,15,-43.0,22023,2023-11-19,POR vs. OKC,22300215,1610612760,Oklahoma City Thunder,W,242,134,49,81,0.605,22,36,0.611,14,14,1.0,10,33,43,28,8,3,17,18,43.0
6161,1610612757,Portland Trail Blazers,L,240,114,43,103,0.417,16,45,0.356,12,18,0.667,21,28,49,30,9,4,11,12,-8.0,22023,2023-12-14,POR vs. UTA,22300323,1610612762,Utah Jazz,W,239,122,49,92,0.533,11,33,0.333,13,14,0.929,13,32,45,27,9,9,11,14,8.0
6162,1610612757,Portland Trail Blazers,W,241,121,47,92,0.511,17,39,0.436,10,15,0.667,14,23,37,31,9,6,13,21,16.0,22023,2023-11-22,POR vs. UTA,22300237,1610612762,Utah Jazz,L,240,105,37,79,0.468,10,31,0.323,21,26,0.808,14,30,44,25,7,3,21,13,-16.0
6163,1610612757,Portland Trail Blazers,L,239,100,37,95,0.389,14,45,0.311,12,15,0.8,16,31,47,23,11,5,14,21,-12.0,22023,2023-11-05,POR vs. MEM,22300144,1610612763,Memphis Grizzlies,W,240,112,45,89,0.506,13,32,0.406,9,13,0.692,10,39,49,27,6,7,16,18,12.0
6164,1610612757,Portland Trail Blazers,W,264,115,39,96,0.406,9,32,0.281,28,36,0.778,15,35,50,19,12,7,14,15,2.0,22023,2023-11-03,POR vs. MEM,22300007,1610612763,Memphis Grizzlies,L,265,113,47,96,0.49,10,35,0.286,9,13,0.692,7,41,48,29,8,10,17,25,-2.0
6165,1610612757,Portland Trail Blazers,L,241,117,43,95,0.453,14,30,0.467,17,23,0.739,20,31,51,24,7,6,15,27,-1.0,22023,2023-12-21,POR vs. WAS,22300381,1610612764,Washington Wizards,W,240,118,42,84,0.5,12,30,0.4,22,32,0.688,7,30,37,26,9,6,11,17,1.0
6166,1610612758,Sacramento Kings,L,239,119,43,91,0.473,21,44,0.477,12,23,0.522,12,25,37,29,4,8,7,15,-25.0,22023,2023-12-20,SAC vs. BOS,22300373,1610612738,Boston Celtics,W,239,144,51,92,0.554,22,42,0.524,20,24,0.833,14,36,50,35,6,10,9,17,25.0
6167,1610612758,Sacramento Kings,W,239,123,48,99,0.485,16,34,0.471,11,15,0.733,9,38,47,33,7,5,11,14,6.0,22023,2023-12-02,SAC vs. DEN,22300290,1610612743,Denver Nuggets,L,240,117,49,99,0.495,6,25,0.24,13,20,0.65,8,38,46,35,9,7,10,14,-6.0
6168,1610612758,Sacramento Kings,L,240,117,40,86,0.465,13,41,0.317,24,28,0.857,13,34,47,22,1,1,14,20,-14.0,22023,2023-11-29,SAC vs. LAC,22300264,1610612746,LA Clippers,W,239,131,50,93,0.538,14,28,0.5,17,22,0.773,8,29,37,28,8,5,4,20,14.0
6169,1610612758,Sacramento Kings,W,264,132,49,104,0.471,17,48,0.354,17,24,0.708,6,41,47,30,6,7,10,28,5.0,22023,2023-10-29,SAC vs. LAL,22300100,1610612747,Los Angeles Lakers,L,266,127,43,98,0.439,15,45,0.333,26,34,0.765,8,45,53,27,4,4,12,22,-5.0
6170,1610612758,Sacramento Kings,L,239,98,37,85,0.435,8,33,0.242,16,21,0.762,8,32,40,23,10,2,11,20,-12.0,22023,2023-12-23,SAC vs. MIN,22300400,1610612750,Minnesota Timberwolves,W,241,110,44,87,0.506,10,33,0.303,12,14,0.857,7,36,43,31,9,5,12,18,12.0
6171,1610612758,Sacramento Kings,W,237,120,44,83,0.53,12,38,0.316,20,26,0.769,7,30,37,32,7,7,12,24,15.0,22023,2023-12-22,SAC vs. PHX,22300387,1610612756,Phoenix Suns,L,240,105,39,88,0.443,5,25,0.2,22,28,0.786,15,30,45,19,8,4,15,19,-15.0
6172,1610612758,Sacramento Kings,W,240,128,47,95,0.495,18,45,0.4,16,21,0.762,11,36,47,32,6,4,17,22,4.8,22023,2023-12-14,SAC vs. OKC,22300324,1610612760,Oklahoma City Thunder,L,240,123,44,102,0.431,11,36,0.306,24,27,0.889,16,28,44,26,8,7,13,25,-5.0
6173,1610612758,Sacramento Kings,W,241,105,38,91,0.418,13,47,0.277,16,21,0.762,16,36,52,28,10,9,17,22,7.0,22023,2023-11-10,SAC vs. OKC,22300016,1610612760,Oklahoma City Thunder,L,240,98,39,87,0.448,7,30,0.233,13,16,0.813,5,33,38,22,9,5,16,15,-7.0
6174,1610612758,Sacramento Kings,W,240,125,46,85,0.541,22,45,0.489,11,15,0.733,8,37,45,36,6,2,14,17,21.0,22023,2023-12-16,SAC vs. UTA,22300342,1610612762,Utah Jazz,L,238,104,38,86,0.442,12,37,0.324,16,21,0.762,9,28,37,28,8,3,12,12,-21.0
6175,1610612758,Sacramento Kings,W,242,143,53,100,0.53,17,43,0.395,20,26,0.769,9,33,42,35,8,5,7,24,12.0,22023,2023-12-18,SAC vs. WAS,22300358,1610612764,Washington Wizards,L,241,131,44,85,0.518,18,38,0.474,25,30,0.833,5,34,39,26,3,6,11,21,-12.0
6176,1610612759,San Antonio Spurs,L,241,101,40,94,0.426,12,45,0.267,9,12,0.75,9,30,39,28,6,1,12,17,-33.0,22023,2023-12-31,SAS vs. BOS,22300448,1610612738,Boston Celtics,W,240,134,51,95,0.537,15,42,0.357,17,22,0.773,13,44,57,29,6,7,10,12,33.0
6177,1610612759,San Antonio Spurs,L,241,102,35,91,0.385,11,38,0.289,21,23,0.913,10,34,44,26,8,6,13,24,-7.0,22023,2023-11-22,SAS vs. LAC,22300235,1610612746,LA Clippers,W,241,109,39,85,0.459,9,28,0.321,22,29,0.759,11,39,50,29,10,3,16,23,7.0
6178,1610612759,San Antonio Spurs,L,242,99,39,90,0.433,10,38,0.263,11,14,0.786,13,36,49,23,4,7,16,17,-25.0,22023,2023-11-20,SAS vs. LAC,22300223,1610612746,LA Clippers,W,239,124,45,95,0.474,12,36,0.333,22,25,0.88,10,41,51,30,15,3,7,10,25.0
6179,1610612759,San Antonio Spurs,W,241,129,47,95,0.495,18,42,0.429,17,19,0.895,9,36,45,35,5,5,8,19,14.0,22023,2023-12-15,SAS vs. LAL,22300331,1610612747,Los Angeles Lakers,L,239,115,43,89,0.483,11,36,0.306,18,28,0.643,9,34,43,32,5,5,6,15,-14.0
6180,1610612759,San Antonio Spurs,L,239,119,45,96,0.469,16,37,0.432,13,18,0.722,10,36,46,28,8,6,17,16,-3.0,22023,2023-12-13,SAS vs. LAL,22300316,1610612747,Los Angeles Lakers,W,239,122,49,91,0.538,14,35,0.4,10,17,0.588,5,41,46,31,14,4,16,16,3.0
6181,1610612759,San Antonio Spurs,L,238,113,42,91,0.462,19,44,0.432,10,12,0.833,11,39,50,35,3,6,17,21,-5.0,22023,2023-11-12,SAS vs. MIA,22300184,1610612748,Miami Heat,W,240,118,39,89,0.438,12,31,0.387,28,30,0.933,11,30,41,26,7,3,4,12,5.0
6182,1610612759,San Antonio Spurs,L,240,110,43,92,0.467,12,34,0.353,12,19,0.632,7,31,38,29,9,8,14,21,-7.0,22023,2023-11-10,SAS vs. MIN,22300013,1610612750,Minnesota Timberwolves,W,239,117,43,87,0.494,10,27,0.37,21,27,0.778,13,38,51,23,6,4,18,19,7.0
6183,1610612759,San Antonio Spurs,L,266,116,48,96,0.5,10,32,0.313,10,13,0.769,9,37,46,30,7,7,17,21,-7.0,22023,2023-11-05,SAS vs. TOR,22300141,1610612761,Toronto Raptors,W,264,123,44,97,0.454,19,48,0.396,16,26,0.615,13,34,47,29,12,6,14,15,7.0
6184,1610612759,San Antonio Spurs,L,240,118,44,98,0.449,16,35,0.457,14,21,0.667,13,30,43,36,8,8,9,18,-12.0,22023,2023-12-26,SAS vs. UTA,22300412,1610612762,Utah Jazz,W,239,130,47,95,0.495,16,43,0.372,20,22,0.909,13,40,53,34,4,7,14,21,12.0
6185,1610612759,San Antonio Spurs,L,239,108,36,83,0.434,15,40,0.375,21,26,0.808,12,28,40,26,5,9,15,28,-12.0,22023,2023-11-18,SAS vs. MEM,22300206,1610612763,Memphis Grizzlies,W,240,120,40,86,0.465,11,33,0.333,29,36,0.806,12,33,45,23,7,3,12,25,12.0
6186,1610612764,Washington Wizards,L,242,107,39,87,0.448,11,36,0.306,18,26,0.692,11,29,40,26,12,4,15,13,-19.0,22023,2023-10-30,WAS vs. BOS,22300103,1610612738,Boston Celtics,W,243,126,51,102,0.5,19,53,0.358,5,7,0.714,15,36,51,31,11,6,17,21,19.0
12157,1610612738,Boston Celtics,W,239,113,42,95,0.442,13,47,0.277,16,20,0.8,18,40,58,24,9,3,12,19,10.0,22023,2023-11-26,ATL @ BOS,22300246,1610612737,Atlanta Hawks,L,240,103,36,88,0.409,19,53,0.358,12,19,0.632,11,32,43,15,5,4,15,17,-10.0
12158,1610612739,Cleveland Cavaliers,W,240,127,49,101,0.485,16,42,0.381,13,15,0.867,18,31,49,32,8,3,10,22,8.0,22023,2023-12-16,ATL @ CLE,22300336,1610612737,Atlanta Hawks,L,239,119,41,85,0.482,15,36,0.417,22,25,0.88,6,28,34,21,5,4,11,21,-8.0
12159,1610612739,Cleveland Cavaliers,W,240,128,50,93,0.538,13,36,0.361,15,17,0.882,12,43,55,27,8,12,16,20,23.0,22023,2023-11-28,ATL @ CLE,22300055,1610612737,Atlanta Hawks,L,239,105,35,101,0.347,13,44,0.295,22,24,0.917,14,30,44,21,9,3,10,16,-23.0
12160,1610612740,New Orleans Pelicans,L,240,105,40,84,0.476,8,31,0.258,17,21,0.81,9,26,35,24,9,7,9,15,-18.0,22023,2023-11-04,ATL @ NOP,22300135,1610612737,Atlanta Hawks,W,241,123,45,93,0.484,14,41,0.341,19,24,0.792,19,33,52,28,4,6,11,16,18.0
12161,1610612741,Chicago Bulls,W,239,118,42,92,0.457,7,25,0.28,27,31,0.871,18,30,48,23,10,2,8,17,5.0,22023,2023-12-26,ATL @ CHI,22300408,1610612737,Atlanta Hawks,L,239,113,41,89,0.461,13,45,0.289,18,21,0.857,12,28,40,24,6,3,15,21,-5.0
12162,1610612745,Houston Rockets,L,240,127,44,89,0.494,16,34,0.471,23,23,1.0,8,29,37,25,4,6,8,23,-7.0,22023,2023-12-20,ATL @ HOU,22300371,1610612737,Atlanta Hawks,W,240,134,47,91,0.516,17,40,0.425,23,28,0.821,12,32,44,31,4,3,9,18,7.0
12163,1610612748,Miami Heat,W,240,122,40,86,0.465,17,39,0.436,25,30,0.833,12,36,48,21,7,2,17,18,9.0,22023,2023-12-22,ATL @ MIA,22300384,1610612737,Atlanta Hawks,L,240,113,42,96,0.438,19,54,0.352,10,14,0.714,12,31,43,29,9,2,13,23,-9.0
12164,1610612749,Milwaukee Bucks,W,240,132,53,89,0.596,14,33,0.424,12,15,0.8,8,36,44,33,5,6,15,19,11.0,22023,2023-12-02,ATL @ MIL,22300286,1610612737,Atlanta Hawks,L,239,121,45,101,0.446,15,38,0.395,16,21,0.762,15,25,40,23,11,4,11,14,-11.0
12165,1610612749,Milwaukee Bucks,L,240,110,39,86,0.453,16,44,0.364,16,20,0.8,12,27,39,22,10,3,23,22,-17.0,22023,2023-10-29,ATL @ MIL,22300097,1610612737,Atlanta Hawks,W,241,127,47,93,0.505,15,37,0.405,18,22,0.818,13,33,46,32,15,2,17,17,17.0
12166,1610612753,Orlando Magic,L,240,119,42,90,0.467,10,27,0.37,25,35,0.714,18,29,47,19,12,6,19,24,-1.0,22023,2023-11-09,ATL @ ORL,22300172,1610612737,Atlanta Hawks,W,240,120,41,85,0.482,15,39,0.385,23,30,0.767,8,28,36,22,13,7,17,25,1.0
12167,1610612755,Philadelphia 76ers,W,241,125,42,87,0.483,11,30,0.367,30,37,0.811,14,34,48,24,6,8,10,14,11.0,22023,2023-12-08,ATL @ PHI,22301218,1610612737,Atlanta Hawks,L,241,114,41,104,0.394,13,39,0.333,19,21,0.905,23,32,55,20,3,4,13,23,-11.0
12168,1610612759,San Antonio Spurs,L,239,135,48,89,0.539,18,41,0.439,21,23,0.913,11,36,47,34,4,7,21,22,-2.0,22023,2023-11-30,ATL @ SAS,22300272,1610612737,Atlanta Hawks,W,241,137,49,96,0.51,14,33,0.424,25,29,0.862,8,29,37,24,14,2,10,25,2.0
12169,1610612760,Oklahoma City Thunder,W,240,126,45,94,0.479,14,35,0.4,22,23,0.957,11,38,49,27,7,7,13,22,9.0,22023,2023-11-06,ATL @ OKC,22300155,1610612737,Atlanta Hawks,L,239,117,38,102,0.373,14,42,0.333,27,32,0.844,25,34,59,27,8,3,15,16,-9.0
12170,1610612761,Toronto Raptors,L,240,104,40,77,0.519,10,31,0.323,14,25,0.56,3,29,32,30,8,6,14,19,-21.0,22023,2023-12-15,ATL @ TOR,22300330,1610612737,Atlanta Hawks,W,239,125,52,101,0.515,16,41,0.39,5,6,0.833,16,39,55,34,4,4,12,19,21.0
12171,1610612761,Toronto Raptors,W,240,135,50,87,0.575,18,34,0.529,17,24,0.708,9,38,47,39,3,9,14,18,7.0,22023,2023-12-13,ATL @ TOR,22300313,1610612737,Atlanta Hawks,L,240,128,48,100,0.48,18,41,0.439,14,19,0.737,13,29,42,32,9,8,7,18,-7.0
12172,1610612764,Washington Wizards,L,241,126,46,98,0.469,17,53,0.321,17,21,0.81,6,36,42,35,5,9,9,21,-4.0,22023,2023-12-31,ATL @ WAS,22300445,1610612737,Atlanta Hawks,W,240,130,47,95,0.495,12,32,0.375,24,37,0.649,12,46,58,27,5,3,12,18,4.0
12173,1610612764,Washington Wizards,L,241,108,43,88,0.489,10,38,0.263,12,12,1.0,8,33,41,33,5,6,20,17,-28.0,22023,2023-11-25,ATL @ WAS,22300241,1610612737,Atlanta Hawks,W,239,136,52,102,0.51,18,37,0.486,14,20,0.7,17,32,49,29,13,2,9,15,28.0
12174,1610612765,Detroit Pistons,L,240,120,47,90,0.522,10,29,0.345,16,23,0.696,14,28,42,36,9,6,17,20,-6.0,22023,2023-11-14,ATL @ DET,22300018,1610612737,Atlanta Hawks,W,240,126,45,87,0.517,12,33,0.364,24,26,0.923,10,31,41,28,9,7,14,19,6.0
12175,1610612766,Charlotte Hornets,W,240,116,43,86,0.5,11,37,0.297,19,26,0.731,12,39,51,34,5,3,19,21,6.0,22023,2023-10-25,ATL @ CHA,22300063,1610612737,Atlanta Hawks,L,240,110,39,93,0.419,5,29,0.172,27,33,0.818,12,30,42,24,12,1,12,19,-6.0
12176,1610612744,Golden State Warriors,W,266,132,50,109,0.459,20,50,0.4,12,14,0.857,18,41,59,29,4,5,10,15,6.0,22023,2023-12-19,BOS @ GSW,22300362,1610612738,Boston Celtics,L,264,126,47,114,0.412,17,58,0.293,15,17,0.882,18,37,55,28,6,5,8,13,-6.0
12177,1610612746,LA Clippers,L,240,108,41,89,0.461,11,34,0.324,15,15,1.0,9,25,34,25,4,4,10,24,-37.0,22023,2023-12-23,BOS @ LAC,22300389,1610612738,Boston Celtics,W,241,145,49,94,0.521,25,53,0.472,22,28,0.786,15,36,51,33,4,5,9,19,37.0
12178,1610612747,Los Angeles Lakers,L,240,115,43,90,0.478,13,32,0.406,16,21,0.762,13,30,43,24,4,1,12,19,-11.0,22023,2023-12-25,BOS @ LAL,22300403,1610612738,Boston Celtics,W,240,126,46,91,0.505,13,42,0.31,21,28,0.75,11,33,44,31,8,7,8,17,11.0
12179,1610612741,Chicago Bulls,L,240,95,35,80,0.438,8,35,0.229,17,19,0.895,5,32,37,23,6,5,12,22,-14.0,22023,2023-12-23,CLE @ CHI,22300396,1610612739,Cleveland Cavaliers,W,241,109,39,88,0.443,12,45,0.267,19,26,0.731,15,33,48,28,7,4,12,16,14.0
12180,1610612742,Dallas Mavericks,L,241,110,39,88,0.443,10,37,0.27,22,26,0.846,7,30,37,21,12,7,10,21,-3.0,22023,2023-12-27,CLE @ DAL,22300420,1610612739,Cleveland Cavaliers,W,241,113,40,92,0.435,17,43,0.395,16,23,0.696,18,39,57,33,7,4,16,21,3.0
12181,1610612744,Golden State Warriors,L,240,110,37,90,0.411,13,38,0.342,23,30,0.767,15,40,55,26,5,3,20,29,-8.0,22023,2023-11-11,CLE @ GSW,22300176,1610612739,Cleveland Cavaliers,W,242,118,37,86,0.43,11,30,0.367,33,43,0.767,11,34,45,23,13,3,10,24,8.0
12182,1610612748,Miami Heat,L,239,99,37,86,0.43,15,42,0.357,10,15,0.667,7,30,37,23,5,5,18,23,-12.0,22023,2023-12-08,CLE @ MIA,22301220,1610612739,Cleveland Cavaliers,W,240,111,40,87,0.46,14,38,0.368,17,26,0.654,12,39,51,21,13,2,13,17,12.0
12183,1610612751,Brooklyn Nets,L,240,113,42,84,0.5,9,27,0.333,20,26,0.769,13,37,50,30,6,6,17,16,-1.0,22023,2023-10-25,CLE @ BKN,22300067,1610612739,Cleveland Cavaliers,W,241,114,44,94,0.468,17,43,0.395,9,10,0.9,9,29,38,25,10,6,10,23,1.0
12184,1610612752,New York Knicks,L,240,89,32,92,0.348,5,30,0.167,20,30,0.667,16,34,50,18,10,3,13,16,-6.0,22023,2023-11-01,CLE @ NYK,22300120,1610612739,Cleveland Cavaliers,W,241,95,32,74,0.432,12,32,0.375,19,20,0.95,6,40,46,22,7,5,18,27,6.0
12185,1610612753,Orlando Magic,W,240,104,39,84,0.464,7,26,0.269,19,25,0.76,12,31,43,22,7,8,12,22,10.0,22023,2023-12-11,CLE @ ORL,22300294,1610612739,Cleveland Cavaliers,L,240,94,30,85,0.353,9,40,0.225,25,33,0.758,18,30,48,15,10,3,14,23,-10.0
12186,1610612754,Indiana Pacers,W,239,121,45,86,0.523,15,31,0.484,16,24,0.667,7,33,40,28,7,5,18,18,5.0,22023,2023-11-03,CLE @ IND,22300001,1610612739,Cleveland Cavaliers,L,240,116,44,84,0.524,8,28,0.286,20,25,0.8,5,30,35,27,10,9,13,20,-5.0
12187,1610612755,Philadelphia 76ers,L,265,119,40,96,0.417,11,35,0.314,28,34,0.824,14,30,44,19,12,8,14,25,-3.0,22023,2023-11-21,CLE @ PHI,22300040,1610612739,Cleveland Cavaliers,W,265,122,46,94,0.489,9,25,0.36,21,25,0.84,14,42,56,33,9,4,15,21,3.0
12188,1610612757,Portland Trail Blazers,L,242,95,34,91,0.374,13,38,0.342,14,16,0.875,8,22,30,24,9,3,12,21,-14.0,22023,2023-11-15,CLE @ POR,22300199,1610612739,Cleveland Cavaliers,W,242,109,42,75,0.56,9,30,0.3,16,21,0.762,7,40,47,23,5,9,17,16,14.0
12189,1610612758,Sacramento Kings,W,240,132,49,83,0.59,20,42,0.476,14,22,0.636,8,29,37,32,3,4,10,19,12.0,22023,2023-11-13,CLE @ SAC,22300191,1610612739,Cleveland Cavaliers,L,240,120,45,91,0.495,16,35,0.457,14,17,0.824,14,25,39,24,3,1,11,18,-12.0
12190,1610612760,Oklahoma City Thunder,W,241,128,44,86,0.512,12,28,0.429,28,30,0.933,12,29,41,23,10,8,14,27,8.0,22023,2023-11-08,CLE @ OKC,22300167,1610612739,Cleveland Cavaliers,L,240,120,42,83,0.506,9,29,0.31,27,37,0.73,11,30,41,26,9,5,18,24,-8.0
12191,1610612761,Toronto Raptors,W,239,124,42,87,0.483,11,30,0.367,29,40,0.725,10,37,47,25,5,4,11,22,3.0,22023,2024-01-01,CLE @ TOR,22300452,1610612739,Cleveland Cavaliers,L,239,121,43,89,0.483,12,36,0.333,23,26,0.885,6,37,43,25,9,2,9,29,-3.0
12192,1610612765,Detroit Pistons,L,239,101,39,83,0.47,8,30,0.267,15,23,0.652,10,39,49,24,9,3,16,20,-9.0,22023,2023-12-02,CLE @ DET,22300283,1610612739,Cleveland Cavaliers,W,240,110,44,89,0.494,10,30,0.333,12,18,0.667,8,35,43,25,11,1,11,18,9.0
12193,1610612741,Chicago Bulls,W,241,124,48,88,0.545,17,40,0.425,11,15,0.733,12,29,41,32,6,8,13,21,6.0,22023,2023-12-02,NOP @ CHI,22300285,1610612740,New Orleans Pelicans,L,242,118,41,82,0.5,8,25,0.32,28,35,0.8,13,26,39,20,10,1,12,17,-6.0
12194,1610612743,Denver Nuggets,W,240,134,51,95,0.537,15,39,0.385,17,23,0.739,11,34,45,37,6,5,9,16,18.0,22023,2023-11-06,NOP @ DEN,22300156,1610612740,New Orleans Pelicans,L,240,116,45,90,0.5,13,30,0.433,13,15,0.867,8,30,38,24,6,2,13,18,-18.0
12195,1610612745,Houston Rockets,W,240,104,36,88,0.409,10,35,0.286,22,28,0.786,9,33,42,20,9,5,9,22,3.0,22023,2023-11-10,NOP @ HOU,22300011,1610612740,New Orleans Pelicans,L,240,101,34,75,0.453,8,25,0.32,25,34,0.735,8,41,49,12,6,6,18,26,-3.0
12196,1610612746,LA Clippers,L,241,106,42,92,0.457,11,37,0.297,11,17,0.647,8,31,39,27,11,8,11,24,-10.0,22023,2023-11-24,NOP @ LAC,22300052,1610612740,New Orleans Pelicans,W,240,116,43,88,0.489,10,24,0.417,20,27,0.741,12,38,50,26,6,5,15,19,10.0
12197,1610612747,Los Angeles Lakers,W,238,133,47,86,0.547,17,35,0.486,22,29,0.759,11,48,59,31,6,4,14,16,44.0,22023,2023-12-07,NOP @ LAL,22301230,1610612740,New Orleans Pelicans,L,238,89,34,95,0.358,7,31,0.226,14,20,0.7,12,30,42,22,7,5,12,21,-44.0
12198,1610612750,Minnesota Timberwolves,W,240,122,45,82,0.549,15,37,0.405,17,24,0.708,8,40,48,30,9,7,16,23,21.0,22023,2023-11-08,NOP @ MIN,22300166,1610612740,New Orleans Pelicans,L,240,101,36,93,0.387,8,28,0.286,21,22,0.955,11,29,40,23,6,1,17,23,-21.0
12199,1610612758,Sacramento Kings,L,239,117,38,85,0.447,14,41,0.341,27,33,0.818,11,27,38,29,8,2,13,18,-10.0,22023,2023-12-04,NOP @ SAC,22301204,1610612740,New Orleans Pelicans,W,240,127,47,87,0.54,14,31,0.452,19,23,0.826,13,29,42,29,12,7,12,22,10.0
12200,1610612759,San Antonio Spurs,L,241,110,40,94,0.426,15,42,0.357,15,21,0.714,9,30,39,29,6,6,13,15,-36.0,22023,2023-12-17,NOP @ SAS,22300345,1610612740,New Orleans Pelicans,W,240,146,55,98,0.561,22,42,0.524,14,22,0.636,11,40,51,38,11,3,13,19,36.0
12201,1610612760,Oklahoma City Thunder,L,240,106,38,88,0.432,7,34,0.206,23,25,0.92,6,43,49,23,6,5,14,24,-6.0,22023,2023-11-01,NOP @ OKC,22300121,1610612740,New Orleans Pelicans,W,239,110,40,102,0.392,13,42,0.31,17,29,0.586,22,36,58,23,8,5,10,20,4.0
12202,1610612762,Utah Jazz,W,240,114,37,88,0.42,17,48,0.354,23,28,0.821,9,34,43,31,6,4,10,23,2.0,22023,2023-11-27,NOP @ UTA,22300256,1610612740,New Orleans Pelicans,L,240,112,44,88,0.5,7,22,0.318,17,25,0.68,11,37,48,27,5,1,8,25,-2.0
12203,1610612762,Utah Jazz,W,239,105,38,87,0.437,15,43,0.349,14,17,0.824,14,38,52,23,8,6,23,13,5.0,22023,2023-11-25,NOP @ UTA,22300243,1610612740,New Orleans Pelicans,L,240,100,39,93,0.419,11,36,0.306,11,18,0.611,13,29,42,31,15,4,13,17,-5.0
12204,1610612763,Memphis Grizzlies,L,241,104,38,91,0.418,12,43,0.279,16,20,0.8,8,29,37,23,8,7,13,19,-7.0,22023,2023-10-25,NOP @ MEM,22300071,1610612740,New Orleans Pelicans,W,240,111,40,85,0.471,14,32,0.438,17,22,0.773,11,41,52,22,8,5,21,21,7.0
12205,1610612764,Washington Wizards,L,241,122,42,82,0.512,19,44,0.432,19,24,0.792,3,30,33,28,7,6,15,16,-20.0,22023,2023-12-13,NOP @ WAS,22300311,1610612740,New Orleans Pelicans,W,241,142,50,96,0.521,16,34,0.471,26,30,0.867,10,36,46,30,11,3,9,17,20.0
12206,1610612766,Charlotte Hornets,L,240,107,41,92,0.446,9,31,0.29,16,21,0.762,8,31,39,18,7,4,8,24,-5.0,22023,2023-12-15,NOP @ CHA,22300326,1610612740,New Orleans Pelicans,W,240,112,38,80,0.475,9,27,0.333,27,32,0.844,11,38,49,24,4,5,15,17,5.0
12207,1610612742,Dallas Mavericks,W,237,114,37,81,0.457,20,48,0.417,20,28,0.714,13,32,45,23,7,2,13,11,9.0,22023,2023-11-01,CHI @ DAL,22300124,1610612741,Chicago Bulls,L,240,105,42,89,0.472,11,33,0.333,10,11,0.909,12,31,43,19,10,3,13,23,-9.0
12208,1610612743,Denver Nuggets,W,239,123,42,81,0.519,16,36,0.444,23,30,0.767,10,39,49,31,10,4,11,18,22.0,22023,2023-11-04,CHI @ DEN,22300139,1610612741,Chicago Bulls,L,240,101,39,86,0.453,7,26,0.269,16,23,0.696,9,28,37,28,7,3,11,19,-22.0
12209,1610612748,Miami Heat,W,240,118,43,83,0.518,13,35,0.371,19,25,0.76,8,23,31,26,7,2,10,19,2.0,22023,2023-12-16,CHI @ MIA,22300337,1610612741,Chicago Bulls,L,240,116,37,77,0.481,16,38,0.421,26,29,0.897,11,29,40,25,8,4,14,19,-2.0
12210,1610612748,Miami Heat,L,240,116,37,80,0.463,15,34,0.441,27,35,0.771,8,34,42,26,2,1,10,20,-8.0,22023,2023-12-14,CHI @ MIA,22300320,1610612741,Chicago Bulls,W,240,124,45,93,0.484,14,36,0.389,20,30,0.667,11,32,43,32,8,2,5,23,8.0
12211,1610612749,Milwaukee Bucks,W,266,133,44,86,0.512,15,37,0.405,30,37,0.811,6,42,48,34,5,4,11,21,4.0,22023,2023-12-11,CHI @ MIL,22300300,1610612741,Chicago Bulls,L,264,129,47,114,0.412,15,34,0.441,20,25,0.8,18,33,51,25,3,4,6,27,-4.0
12212,1610612749,Milwaukee Bucks,W,240,118,42,89,0.472,15,47,0.319,19,27,0.704,13,40,53,23,3,5,15,23,9.0,22023,2023-11-13,CHI @ MIL,22300190,1610612741,Chicago Bulls,L,239,109,38,100,0.38,14,42,0.333,19,21,0.905,18,29,47,24,9,7,6,25,-9.0
12213,1610612751,Brooklyn Nets,W,239,118,41,83,0.494,25,53,0.472,11,15,0.733,8,31,39,29,7,2,9,19,9.0,22023,2023-11-26,CHI @ BKN,22300250,1610612741,Chicago Bulls,L,240,109,40,83,0.482,12,32,0.375,17,22,0.773,10,30,40,21,3,2,11,18,-9.0
12214,1610612754,Indiana Pacers,L,240,105,36,88,0.409,12,46,0.261,21,25,0.84,11,36,47,26,7,5,17,24,-7.0,22023,2023-10-30,CHI @ IND,22300102,1610612741,Chicago Bulls,W,240,112,40,87,0.46,6,17,0.353,26,31,0.839,10,34,44,19,8,6,13,17,7.0
12215,1610612755,Philadelphia 76ers,L,241,104,38,88,0.432,11,32,0.344,17,19,0.895,9,35,44,23,8,8,12,17,-4.0,22023,2023-12-18,CHI @ PHI,22300351,1610612741,Chicago Bulls,W,240,108,42,89,0.472,12,29,0.414,12,15,0.8,11,34,45,24,7,9,10,15,4.0
12216,1610612759,San Antonio Spurs,L,240,112,39,83,0.47,17,42,0.405,17,20,0.85,10,34,44,35,4,9,12,20,-9.0,22023,2023-12-08,CHI @ SAS,22301223,1610612741,Chicago Bulls,W,240,121,47,102,0.461,13,28,0.464,14,24,0.583,24,32,56,27,9,2,7,19,9.0
12217,1610612760,Oklahoma City Thunder,W,241,116,37,75,0.493,11,29,0.379,31,38,0.816,11,34,45,24,4,12,12,17,14.0,22023,2023-11-22,CHI @ OKC,22300234,1610612741,Chicago Bulls,L,241,102,34,88,0.386,17,44,0.386,17,17,1.0,11,27,38,22,7,2,10,26,-14.0
12218,1610612761,Toronto Raptors,W,241,121,44,83,0.53,13,39,0.333,20,27,0.741,13,27,40,32,8,6,14,14,13.0,22023,2023-11-24,CHI @ TOR,22300046,1610612741,Chicago Bulls,L,240,108,42,82,0.512,12,27,0.444,12,19,0.632,9,28,37,20,5,2,12,20,-13.0
12219,1610612765,Detroit Pistons,W,242,118,45,86,0.523,12,28,0.429,16,20,0.8,15,38,53,29,4,4,15,18,16.0,22023,2023-10-28,CHI @ DET,22300088,1610612741,Chicago Bulls,L,239,102,39,93,0.419,11,28,0.393,13,16,0.813,13,20,33,16,10,5,8,20,-16.0
12220,1610612743,Denver Nuggets,W,240,130,49,87,0.563,14,26,0.538,18,22,0.818,9,37,46,29,7,4,8,19,26.0,22023,2023-12-18,DAL @ DEN,22300356,1610612742,Dallas Mavericks,L,240,104,41,92,0.446,13,38,0.342,9,19,0.474,15,28,43,19,2,0,11,20,-26.0
12221,1610612743,Denver Nuggets,W,241,125,49,93,0.527,13,30,0.433,14,19,0.737,19,32,51,33,11,6,17,17,11.0,22023,2023-11-03,DAL @ DEN,22300006,1610612742,Dallas Mavericks,L,240,114,41,86,0.477,17,42,0.405,15,17,0.882,10,24,34,27,12,6,15,19,-11.0
12222,1610612744,Golden State Warriors,L,240,122,47,103,0.456,19,48,0.396,9,13,0.692,16,31,47,32,8,3,10,21,-10.0,22023,2023-12-30,DAL @ GSW,22300444,1610612742,Dallas Mavericks,W,241,132,49,88,0.557,16,40,0.4,18,22,0.818,6,37,43,25,5,2,9,14,10.0
12223,1610612745,Houston Rockets,W,243,122,46,95,0.484,11,38,0.289,19,23,0.826,12,51,63,21,7,3,16,22,26.0,22023,2023-12-22,DAL @ HOU,22300385,1610612742,Dallas Mavericks,L,240,96,35,101,0.347,7,40,0.175,19,26,0.731,14,33,47,18,10,1,11,17,-26.0
12224,1610612746,LA Clippers,W,241,107,38,88,0.432,8,29,0.276,23,31,0.742,17,40,57,25,2,6,12,16,19.0,22023,2023-11-25,DAL @ LAC,22300244,1610612742,Dallas Mavericks,L,239,88,34,91,0.374,9,38,0.237,11,14,0.786,10,27,37,17,6,5,9,24,-19.0
12225,1610612747,Los Angeles Lakers,L,239,101,39,84,0.464,11,29,0.379,12,19,0.632,9,42,51,26,1,2,11,17,-3.0,22023,2023-11-22,DAL @ LAL,22300238,1610612742,Dallas Mavericks,W,240,104,38,96,0.396,16,50,0.32,12,16,0.75,11,37,48,21,5,4,4,18,3.0
12226,1610612749,Milwaukee Bucks,W,241,132,49,94,0.521,17,45,0.378,17,20,0.85,5,36,41,29,8,3,6,16,7.0,22023,2023-11-18,DAL @ MIL,22300205,1610612742,Dallas Mavericks,L,240,125,51,103,0.495,16,47,0.34,7,10,0.7,11,38,49,27,1,2,12,16,-7.0
12227,1610612750,Minnesota Timberwolves,W,240,118,38,74,0.514,17,33,0.515,25,34,0.735,6,32,38,23,9,10,22,21,8.0,22023,2023-12-28,DAL @ MIN,22300423,1610612742,Dallas Mavericks,L,240,110,40,90,0.444,14,33,0.424,16,19,0.842,13,26,39,29,9,3,16,27,-8.0
12228,1610612753,Orlando Magic,L,240,102,40,85,0.471,8,27,0.296,14,18,0.778,6,32,38,27,6,4,20,24,-15.0,22023,2023-11-06,DAL @ ORL,22300147,1610612742,Dallas Mavericks,W,239,117,41,82,0.5,15,40,0.375,20,28,0.714,5,26,31,21,9,6,14,20,15.0
12229,1610612756,Phoenix Suns,L,240,114,40,90,0.444,14,41,0.341,20,25,0.8,14,33,47,28,5,2,15,21,-14.0,22023,2023-12-25,DAL @ PHX,22300405,1610612742,Dallas Mavericks,W,240,128,45,84,0.536,16,44,0.364,22,30,0.733,8,30,38,28,7,6,11,20,14.0
12230,1610612757,Portland Trail Blazers,L,239,120,47,94,0.5,7,32,0.219,19,22,0.864,10,34,44,17,8,2,11,21,-11.0,22023,2023-12-16,DAL @ POR,22300341,1610612742,Dallas Mavericks,W,240,131,48,97,0.495,16,47,0.34,19,21,0.905,11,36,47,27,7,2,12,17,11.0
12231,1610612757,Portland Trail Blazers,L,240,112,39,105,0.371,18,53,0.34,16,18,0.889,18,30,48,20,9,1,15,24,-13.0,22023,2023-12-08,DAL @ POR,22301226,1610612742,Dallas Mavericks,W,240,125,47,91,0.516,12,39,0.308,19,22,0.864,9,33,42,26,8,5,15,23,13.0
12232,1610612759,San Antonio Spurs,L,240,119,46,89,0.517,11,35,0.314,16,22,0.727,9,36,45,33,8,5,19,23,-7.0,22023,2023-10-25,DAL @ SAS,22300073,1610612742,Dallas Mavericks,W,241,126,47,99,0.475,15,47,0.319,17,23,0.739,13,35,48,24,6,3,12,20,7.0
12233,1610612762,Utah Jazz,W,242,127,49,96,0.51,12,44,0.273,17,18,0.944,7,46,53,37,9,6,12,15,37.0,22023,2024-01-01,DAL @ UTA,22300457,1610612742,Dallas Mavericks,L,241,90,37,93,0.398,11,40,0.275,5,10,0.5,8,33,41,28,6,5,16,15,-37.0
12234,1610612763,Memphis Grizzlies,L,241,113,41,89,0.461,18,44,0.409,13,16,0.813,10,28,38,26,9,5,17,19,-7.0,22023,2023-12-11,DAL @ MEM,22300299,1610612742,Dallas Mavericks,W,239,120,43,86,0.5,17,40,0.425,17,19,0.895,10,33,43,27,8,9,17,17,7.0
12235,1610612763,Memphis Grizzlies,L,240,110,42,92,0.457,14,37,0.378,12,20,0.6,10,34,44,22,9,4,12,22,-15.0,22023,2023-10-30,DAL @ MEM,22300106,1610612742,Dallas Mavericks,W,240,125,42,84,0.5,23,47,0.489,18,24,0.75,6,42,48,24,4,7,15,17,15.0
12236,1610612764,Washington Wizards,L,241,117,43,89,0.483,12,36,0.333,19,23,0.826,8,38,46,23,6,1,12,22,-13.0,22023,2023-11-15,DAL @ WAS,22300192,1610612742,Dallas Mavericks,W,241,130,48,92,0.522,17,42,0.405,17,29,0.586,9,37,46,32,6,4,10,16,13.0
12237,1610612745,Houston Rockets,W,241,105,40,82,0.488,12,29,0.414,13,15,0.867,6,43,49,25,9,9,14,21,19.0,22023,2023-11-24,DEN @ HOU,22300048,1610612743,Denver Nuggets,L,240,86,32,94,0.34,7,30,0.233,15,21,0.714,16,30,46,17,8,4,15,14,-19.0
12238,1610612745,Houston Rockets,W,241,107,37,87,0.425,10,32,0.313,23,29,0.793,12,33,45,20,7,4,9,16,3.0,22023,2023-11-12,DEN @ HOU,22300182,1610612743,Denver Nuggets,L,241,104,42,91,0.462,9,32,0.281,11,14,0.786,12,37,49,24,3,5,11,20,-3.0
12239,1610612746,LA Clippers,W,241,111,40,87,0.46,12,27,0.444,19,25,0.76,13,38,51,21,7,9,11,14,9.0,22023,2023-12-06,DEN @ LAC,22301215,1610612743,Denver Nuggets,L,240,102,41,98,0.418,12,31,0.387,8,9,0.889,14,32,46,29,7,5,11,20,-9.0
12240,1610612746,LA Clippers,L,240,104,35,85,0.412,6,20,0.3,28,34,0.824,16,33,49,18,6,9,13,23,-9.0,22023,2023-11-27,DEN @ LAC,22300257,1610612743,Denver Nuggets,W,242,113,44,92,0.478,10,22,0.455,15,28,0.536,18,34,52,28,8,6,11,22,9.0
12241,1610612745,Houston Rockets,L,240,95,34,90,0.378,9,33,0.273,18,19,0.947,10,32,42,22,7,4,7,20,-11.0,22023,2023-10-29,GSW @ HOU,22300096,1610612744,Golden State Warriors,W,239,106,35,81,0.432,18,45,0.4,18,23,0.783,8,41,49,27,6,6,14,18,11.0
12242,1610612746,LA Clippers,W,238,121,41,81,0.506,13,32,0.406,26,30,0.867,10,30,40,27,6,9,13,20,8.0,22023,2023-12-14,GSW @ LAC,22300325,1610612744,Golden State Warriors,L,241,113,40,92,0.435,16,45,0.356,17,19,0.895,16,27,43,22,8,2,11,24,-8.0
12243,1610612746,LA Clippers,W,241,113,44,90,0.489,13,39,0.333,12,14,0.857,5,35,40,31,5,6,11,21,1.0,22023,2023-12-02,GSW @ LAC,22300280,1610612744,Golden State Warriors,L,241,112,38,86,0.442,17,43,0.395,19,24,0.792,6,36,42,31,5,4,13,15,-1.0
12244,1610612756,Phoenix Suns,W,240,119,38,84,0.452,14,39,0.359,29,34,0.853,7,34,41,27,8,7,14,22,3.0,22023,2023-12-12,GSW @ PHX,22300308,1610612744,Golden State Warriors,L,241,116,41,92,0.446,16,46,0.348,18,27,0.667,13,38,51,26,9,1,15,28,-3.0
12245,1610612756,Phoenix Suns,W,241,123,34,76,0.447,11,28,0.393,44,52,0.846,11,32,43,22,9,8,15,22,8.0,22023,2023-11-22,GSW @ PHX,22300236,1610612744,Golden State Warriors,L,240,115,43,90,0.478,10,32,0.313,19,29,0.655,11,32,43,29,10,3,15,34,-8.0
12246,1610612757,Portland Trail Blazers,L,241,114,40,85,0.471,13,35,0.371,21,23,0.913,9,28,37,23,10,4,13,20,-4.0,22023,2023-12-17,GSW @ POR,22300348,1610612744,Golden State Warriors,W,240,118,46,87,0.529,13,38,0.342,13,19,0.684,11,32,43,31,10,4,14,20,4.0
12247,1610612758,Sacramento Kings,W,240,124,41,91,0.451,15,44,0.341,27,42,0.643,12,34,46,25,8,7,10,23,1.0,22023,2023-11-28,GSW @ SAC,22300060,1610612744,Golden State Warriors,L,241,123,40,83,0.482,17,41,0.415,26,30,0.867,9,43,52,25,6,6,18,31,-1.0
12248,1610612758,Sacramento Kings,L,240,114,41,94,0.436,12,40,0.3,20,29,0.69,10,31,41,24,10,3,14,16,-8.0,22023,2023-10-27,GSW @ SAC,22300087,1610612744,Golden State Warriors,W,240,122,48,87,0.552,14,32,0.438,12,14,0.857,7,32,39,32,14,3,19,24,8.0
12249,1610612760,Oklahoma City Thunder,W,265,138,51,98,0.52,5,29,0.172,31,36,0.861,11,28,39,15,17,7,9,22,2.0,22023,2023-12-08,GSW @ OKC,22301222,1610612744,Golden State Warriors,L,266,136,49,104,0.471,19,48,0.396,19,23,0.826,24,36,60,29,3,2,28,28,-2.0
12250,1610612760,Oklahoma City Thunder,L,239,139,50,83,0.602,15,29,0.517,24,30,0.8,7,25,32,26,3,1,19,20,-2.0,22023,2023-11-03,GSW @ OKC,22300005,1610612744,Golden State Warriors,W,241,141,49,92,0.533,18,40,0.45,25,30,0.833,13,25,38,36,9,2,15,25,2.0
12251,1610612765,Detroit Pistons,L,240,109,38,80,0.475,13,30,0.433,20,21,0.952,7,32,39,23,8,2,14,20,-11.0,22023,2023-11-06,GSW @ DET,22300145,1610612744,Golden State Warriors,W,240,120,46,97,0.474,12,41,0.293,16,21,0.762,17,27,44,26,8,4,11,14,11.0
12252,1610612746,LA Clippers,W,239,106,36,83,0.434,13,34,0.382,21,30,0.7,8,39,47,22,10,7,12,19,6.0,22023,2023-11-17,HOU @ LAC,22300037,1610612745,Houston Rockets,L,241,100,38,88,0.432,10,31,0.323,14,20,0.7,12,35,47,24,6,5,16,28,-6.0
12253,1610612747,Los Angeles Lakers,W,239,107,40,89,0.449,8,27,0.296,19,27,0.704,9,39,48,24,11,7,9,17,10.0,22023,2023-12-02,HOU @ LAL,22300291,1610612745,Houston Rockets,L,240,97,36,89,0.404,11,31,0.355,14,18,0.778,11,43,54,24,5,7,16,23,-10.0
12254,1610612747,Los Angeles Lakers,W,240,105,39,83,0.47,6,29,0.207,21,29,0.724,10,32,42,26,13,1,17,13,1.0,22023,2023-11-19,HOU @ LAL,22300216,1610612745,Houston Rockets,L,241,104,41,84,0.488,14,37,0.378,8,10,0.8,6,28,34,35,7,3,18,25,-1.0
12255,1610612749,Milwaukee Bucks,W,238,128,45,90,0.5,13,36,0.361,25,32,0.781,16,30,46,25,4,1,15,23,9.0,22023,2023-12-17,HOU @ MIL,22300346,1610612745,Houston Rockets,L,241,119,45,85,0.529,11,27,0.407,18,21,0.857,6,25,31,26,8,4,9,21,-9.0
12256,1610612753,Orlando Magic,W,241,116,42,87,0.483,9,34,0.265,23,26,0.885,17,40,57,19,8,6,14,20,30.0,22023,2023-10-25,HOU @ ORL,22300066,1610612745,Houston Rockets,L,240,86,32,79,0.405,12,34,0.353,10,16,0.625,7,24,31,19,6,3,18,24,-30.0
12257,1610612759,San Antonio Spurs,W,264,126,46,94,0.489,13,42,0.31,21,28,0.75,12,31,43,32,11,4,18,17,4.0,22023,2023-10-27,HOU @ SAS,22300083,1610612745,Houston Rockets,L,266,122,52,100,0.52,8,32,0.25,10,20,0.5,11,32,43,30,7,2,18,26,-4.0
12258,1610612738,Boston Celtics,W,240,119,44,84,0.524,17,42,0.405,14,17,0.824,4,39,43,27,3,5,15,15,3.0,22023,2023-11-22,MIL @ BOS,22300228,1610612749,Milwaukee Bucks,L,242,116,45,101,0.446,13,34,0.382,13,17,0.765,13,34,47,23,9,2,9,19,-3.0
12259,1610612748,Miami Heat,L,240,124,48,94,0.511,14,30,0.467,14,21,0.667,8,27,35,32,3,5,6,22,-7.0,22023,2023-11-28,MIL @ MIA,22300056,1610612749,Milwaukee Bucks,W,240,131,47,88,0.534,13,35,0.371,24,27,0.889,8,37,45,26,3,4,9,21,7.0
12260,1610612751,Brooklyn Nets,L,240,122,45,101,0.446,7,32,0.219,25,29,0.862,17,30,47,29,7,2,9,17,-22.0,22023,2023-12-27,MIL @ BKN,22300417,1610612749,Milwaukee Bucks,W,240,144,52,89,0.584,23,51,0.451,17,23,0.739,8,33,41,41,6,8,10,18,22.0
12261,1610612751,Brooklyn Nets,L,241,125,49,101,0.485,16,45,0.356,11,13,0.846,11,35,46,22,2,4,8,16,-4.0,22023,2023-11-06,MIL @ BKN,22300149,1610612749,Milwaukee Bucks,W,238,129,46,96,0.479,16,48,0.333,21,24,0.875,12,36,48,26,6,2,10,13,4.0
12262,1610612752,New York Knicks,W,240,129,50,92,0.543,8,26,0.308,21,26,0.808,7,34,41,27,7,4,11,18,7.0,22023,2023-12-25,MIL @ NYK,22300401,1610612749,Milwaukee Bucks,L,241,122,45,95,0.474,13,42,0.31,19,24,0.792,17,27,44,26,7,4,11,23,-7.0
12263,1610612752,New York Knicks,L,240,111,41,93,0.441,9,29,0.31,20,21,0.952,11,30,41,17,5,2,11,22,-19.0,22023,2023-12-23,MIL @ NYK,22300388,1610612749,Milwaukee Bucks,W,239,130,48,91,0.527,16,32,0.5,18,23,0.783,12,41,53,25,4,2,14,22,19.0
12264,1610612753,Orlando Magic,W,238,112,36,84,0.429,10,26,0.385,30,35,0.857,15,28,43,24,9,2,13,17,15.0,22023,2023-11-11,MIL @ ORL,22300173,1610612749,Milwaukee Bucks,L,242,97,38,77,0.494,9,29,0.31,12,25,0.48,5,31,36,25,9,6,19,24,-15.0
12265,1610612754,Indiana Pacers,W,239,126,44,92,0.478,20,48,0.417,18,20,0.9,9,31,40,27,6,6,11,25,2.0,22023,2023-11-09,MIL @ IND,22300171,1610612749,Milwaukee Bucks,L,240,124,46,87,0.529,9,27,0.333,23,26,0.885,5,36,41,23,6,5,14,19,-2.0
12266,1610612761,Toronto Raptors,L,241,112,38,96,0.396,9,33,0.273,27,31,0.871,26,29,55,28,10,8,14,19,-16.0,22023,2023-11-15,MIL @ TOR,22300195,1610612749,Milwaukee Bucks,W,239,128,44,85,0.518,20,39,0.513,20,21,0.952,9,32,41,25,8,9,13,25,16.0
12267,1610612761,Toronto Raptors,W,240,130,51,91,0.56,15,38,0.395,13,14,0.929,15,35,50,35,7,6,16,25,19.0,22023,2023-11-01,MIL @ TOR,22300116,1610612749,Milwaukee Bucks,L,242,111,35,76,0.461,13,34,0.382,28,38,0.737,7,22,29,19,9,2,12,17,-19.0
12268,1610612764,Washington Wizards,L,238,129,55,99,0.556,10,29,0.345,9,11,0.818,5,21,26,29,6,4,4,19,-13.0,22023,2023-11-20,MIL @ WAS,22300219,1610612749,Milwaukee Bucks,W,238,142,55,94,0.585,11,29,0.379,21,28,0.75,16,39,55,33,3,6,13,13,13.0
12269,1610612738,Boston Celtics,W,241,121,41,94,0.436,19,52,0.365,20,28,0.714,17,35,52,29,5,3,7,13,14.0,22023,2023-11-10,BKN @ BOS,22300010,1610612751,Brooklyn Nets,L,239,107,38,85,0.447,15,37,0.405,16,18,0.889,9,37,46,26,0,3,10,25,-14.0
12270,1610612743,Denver Nuggets,W,238,124,47,99,0.475,12,36,0.333,18,21,0.857,12,36,48,31,13,6,8,15,23.0,22023,2023-12-14,BKN @ DEN,22300322,1610612751,Brooklyn Nets,L,240,101,39,95,0.411,8,30,0.267,15,20,0.75,18,35,53,28,5,4,16,23,-23.0
12271,1610612748,Miami Heat,W,241,122,42,81,0.519,15,35,0.429,23,24,0.958,7,25,32,26,8,3,9,20,7.0,22023,2023-11-16,BKN @ MIA,22300200,1610612751,Brooklyn Nets,L,240,115,40,85,0.471,14,36,0.389,21,27,0.778,10,30,40,29,5,3,14,20,-7.0
12272,1610612748,Miami Heat,L,240,105,39,91,0.429,13,38,0.342,14,18,0.778,11,35,46,22,10,5,16,20,-4.0,22023,2023-11-01,BKN @ MIA,22300119,1610612751,Brooklyn Nets,W,242,109,37,82,0.451,16,36,0.444,19,26,0.731,7,40,47,27,11,4,18,18,4.0
12273,1610612756,Phoenix Suns,L,240,112,40,84,0.476,9,28,0.321,23,27,0.852,14,35,49,28,5,4,12,20,-4.0,22023,2023-12-13,BKN @ PHX,22300317,1610612751,Brooklyn Nets,W,239,116,41,89,0.461,15,41,0.366,19,24,0.792,10,26,36,24,9,4,7,17,4.0
12274,1610612758,Sacramento Kings,W,241,131,48,94,0.511,25,45,0.556,10,14,0.714,10,33,43,38,4,3,13,24,13.0,22023,2023-12-11,BKN @ SAC,22300303,1610612751,Brooklyn Nets,L,241,118,42,88,0.477,14,29,0.483,20,21,0.952,10,31,41,24,4,6,13,13,-13.0
12275,1610612760,Oklahoma City Thunder,W,242,124,45,83,0.542,18,33,0.545,16,20,0.8,5,41,46,31,1,6,13,24,16.0,22023,2023-12-31,BKN @ OKC,22300447,1610612751,Brooklyn Nets,L,241,108,38,100,0.38,12,46,0.261,20,31,0.645,17,30,47,26,9,2,6,21,-16.0
12276,1610612762,Utah Jazz,W,240,125,45,91,0.495,14,34,0.412,21,24,0.875,12,39,51,30,6,8,14,20,17.0,22023,2023-12-18,BKN @ UTA,22300357,1610612751,Brooklyn Nets,L,239,108,39,90,0.433,16,39,0.41,14,20,0.7,11,25,36,25,4,9,13,17,-17.0
12277,1610612764,Washington Wizards,W,241,110,46,91,0.505,15,38,0.395,3,7,0.429,8,35,43,28,5,5,6,19,6.0,22023,2023-12-29,BKN @ WAS,22300430,1610612751,Brooklyn Nets,L,239,104,39,91,0.429,9,28,0.321,17,27,0.63,18,36,54,24,5,4,10,13,-6.0
12278,1610612765,Detroit Pistons,L,242,112,40,90,0.444,9,25,0.36,23,32,0.719,16,36,52,20,6,4,13,27,-6.0,22023,2023-12-26,BKN @ DET,22300406,1610612751,Brooklyn Nets,W,240,118,41,82,0.5,9,22,0.409,27,43,0.628,7,35,42,22,6,7,9,22,6.0
12279,1610612738,Boston Celtics,W,240,133,48,91,0.527,19,47,0.404,18,21,0.857,8,26,34,24,8,5,7,19,10.0,22023,2023-12-08,NYK @ BOS,22301227,1610612752,New York Knicks,L,240,123,44,88,0.5,15,37,0.405,20,27,0.741,12,32,44,28,4,3,13,20,-10.0
12280,1610612738,Boston Celtics,W,238,114,40,79,0.506,19,43,0.442,15,16,0.938,8,29,37,27,3,3,11,22,16.0,22023,2023-11-13,NYK @ BOS,22300188,1610612752,New York Knicks,L,240,98,33,79,0.418,15,35,0.429,17,24,0.708,12,25,37,17,5,2,8,16,-16.0
12281,1610612746,LA Clippers,W,240,144,50,88,0.568,16,33,0.485,28,34,0.824,8,34,42,36,8,6,8,21,22.0,22023,2023-12-16,NYK @ LAC,22300343,1610612752,New York Knicks,L,240,122,44,94,0.468,11,35,0.314,23,26,0.885,12,27,39,20,7,4,10,22,-22.0
12282,1610612747,Los Angeles Lakers,L,240,109,42,99,0.424,13,41,0.317,12,13,0.923,9,32,41,29,9,3,10,17,-5.0,22023,2023-12-18,NYK @ LAL,22300359,1610612752,New York Knicks,W,239,114,42,88,0.477,10,30,0.333,20,23,0.87,11,41,52,21,5,6,15,16,5.0
12283,1610612738,Boston Celtics,W,239,125,39,77,0.506,16,33,0.485,31,36,0.861,10,36,46,25,10,8,20,18,6.0,22023,2023-12-01,PHI @ BOS,22300275,1610612755,Philadelphia 76ers,L,241,119,43,94,0.457,16,35,0.457,17,23,0.739,15,27,42,16,16,5,16,24,-6.0
12284,1610612748,Miami Heat,W,239,119,40,84,0.476,12,32,0.375,27,35,0.771,13,43,56,27,5,7,14,17,6.0,22023,2023-12-25,PHI @ MIA,22300404,1610612755,Philadelphia 76ers,L,243,113,40,94,0.426,17,45,0.378,16,25,0.64,5,31,36,23,11,4,7,22,-6.0
12285,1610612750,Minnesota Timberwolves,W,241,112,43,89,0.483,10,26,0.385,16,24,0.667,10,38,48,28,10,8,12,21,13.0,22023,2023-11-22,PHI @ MIN,22300232,1610612755,Philadelphia 76ers,L,241,99,34,87,0.391,7,32,0.219,24,30,0.8,16,32,48,21,9,12,14,23,-13.0
12286,1610612753,Orlando Magic,L,239,92,31,79,0.392,9,33,0.273,21,24,0.875,9,34,43,17,5,11,16,18,-20.0,22023,2023-12-27,PHI @ ORL,22300415,1610612755,Philadelphia 76ers,W,240,112,45,96,0.469,10,28,0.357,12,17,0.706,12,36,48,14,10,8,10,19,20.0
12287,1610612760,Oklahoma City Thunder,L,242,123,43,98,0.439,16,43,0.372,21,26,0.808,13,25,38,29,3,3,4,27,-4.0,22023,2023-11-25,PHI @ OKC,22300239,1610612755,Philadelphia 76ers,W,239,127,38,83,0.458,14,41,0.341,37,45,0.822,17,32,49,30,2,9,12,26,4.0
12288,1610612761,Toronto Raptors,L,240,107,38,87,0.437,17,32,0.531,14,19,0.737,13,28,41,28,5,5,13,19,-7.0,22023,2023-10-28,PHI @ TOR,22300092,1610612755,Philadelphia 76ers,W,241,114,43,86,0.5,10,28,0.357,18,21,0.857,9,33,42,25,8,7,9,18,7.0
12289,1610612764,Washington Wizards,L,241,126,52,92,0.565,14,35,0.4,8,8,1.0,2,30,32,39,8,6,11,22,-5.0,22023,2023-12-06,PHI @ WAS,22301208,1610612755,Philadelphia 76ers,W,240,131,47,92,0.511,8,27,0.296,29,34,0.853,11,32,43,29,7,2,11,14,5.0
12290,1610612765,Detroit Pistons,L,239,111,39,88,0.443,10,33,0.303,23,30,0.767,6,29,35,24,6,3,9,22,-18.0,22023,2023-12-13,PHI @ DET,22300310,1610612755,Philadelphia 76ers,W,239,129,45,87,0.517,11,30,0.367,28,34,0.824,10,43,53,28,6,4,10,20,18.0
12291,1610612765,Detroit Pistons,L,241,106,40,86,0.465,8,28,0.286,18,22,0.818,11,37,48,28,3,5,16,26,-8.0,22023,2023-11-10,PHI @ DET,22300008,1610612755,Philadelphia 76ers,W,239,114,35,83,0.422,9,28,0.321,35,41,0.854,11,35,46,23,13,5,8,23,8.0
12292,1610612766,Charlotte Hornets,L,239,82,33,91,0.363,7,35,0.2,9,11,0.818,8,28,36,15,3,4,11,14,-53.0,22023,2023-12-16,PHI @ CHA,22300335,1610612755,Philadelphia 76ers,W,240,135,53,88,0.602,14,31,0.452,15,17,0.882,5,40,45,30,10,6,10,17,53.0
12293,1610612747,Los Angeles Lakers,W,240,106,38,102,0.373,9,30,0.3,21,25,0.84,21,24,45,24,11,2,9,19,3.0,22023,2023-12-05,PHX @ LAL,22301203,1610612756,Phoenix Suns,L,241,103,37,75,0.493,12,25,0.48,17,21,0.81,8,36,44,25,8,5,20,21,-3.0
12294,1610612747,Los Angeles Lakers,W,239,100,36,84,0.429,5,29,0.172,23,29,0.793,8,34,42,24,14,7,16,23,5.0,22023,2023-10-26,PHX @ LAL,22300076,1610612756,Phoenix Suns,L,240,95,34,81,0.42,9,31,0.29,18,23,0.783,10,39,49,16,7,3,20,21,-5.0
12295,1610612746,LA Clippers,W,239,132,49,89,0.551,13,34,0.382,21,22,0.955,9,26,35,33,7,9,9,20,5.0,22023,2023-12-11,POR @ LAC,22300304,1610612757,Portland Trail Blazers,L,241,127,43,90,0.478,19,40,0.475,22,26,0.846,11,25,36,25,5,4,12,21,-5.0
12296,1610612746,LA Clippers,W,242,123,47,90,0.522,16,34,0.471,13,16,0.813,14,31,45,36,11,7,17,20,12.0,22023,2023-10-25,POR @ LAC,22300074,1610612757,Portland Trail Blazers,L,239,111,44,93,0.473,10,32,0.313,13,17,0.765,15,25,40,20,10,4,17,20,-12.0
12297,1610612747,Los Angeles Lakers,W,240,116,41,84,0.488,4,19,0.211,30,37,0.811,7,34,41,27,8,4,9,11,6.0,22023,2023-11-12,POR @ LAL,22300187,1610612757,Portland Trail Blazers,L,241,110,45,90,0.5,13,37,0.351,7,9,0.778,5,33,38,29,2,8,15,25,-6.0
12298,1610612754,Indiana Pacers,L,240,110,42,88,0.477,8,33,0.242,18,24,0.75,10,32,42,26,10,6,20,24,-4.0,22023,2023-11-27,POR @ IND,22300254,1610612757,Portland Trail Blazers,W,240,114,40,85,0.471,9,18,0.5,25,31,0.806,9,29,38,20,6,4,16,21,4.0
12299,1610612756,Phoenix Suns,W,241,109,38,80,0.475,11,29,0.379,22,33,0.667,9,38,47,24,10,5,16,20,21.0,22023,2024-01-01,POR @ PHX,22300456,1610612757,Portland Trail Blazers,L,239,88,33,80,0.413,8,30,0.267,14,19,0.737,6,30,36,21,6,10,18,19,-21.0
12300,1610612756,Phoenix Suns,W,239,120,43,76,0.566,7,17,0.412,27,28,0.964,11,27,38,26,8,8,13,18,13.0,22023,2023-11-21,POR @ PHX,22300041,1610612757,Portland Trail Blazers,L,241,107,38,87,0.437,14,31,0.452,17,20,0.85,12,18,30,20,8,3,13,20,-13.0
12301,1610612758,Sacramento Kings,W,265,121,41,89,0.461,11,37,0.297,28,38,0.737,15,35,50,32,11,6,21,24,3.0,22023,2023-11-08,POR @ SAC,22300170,1610612757,Portland Trail Blazers,L,265,118,44,87,0.506,8,22,0.364,22,29,0.759,7,29,36,26,10,5,18,29,-3.0
12302,1610612761,Toronto Raptors,L,239,91,38,94,0.404,4,29,0.138,11,15,0.733,14,33,47,19,10,4,11,17,-8.0,22023,2023-10-30,POR @ TOR,22300105,1610612757,Portland Trail Blazers,W,239,99,38,85,0.447,11,35,0.314,12,15,0.8,13,38,51,20,6,7,14,19,8.0
12303,1610612762,Utah Jazz,W,265,118,46,94,0.489,7,34,0.206,19,24,0.792,16,40,56,27,5,11,17,21,5.0,22023,2023-12-02,POR @ UTA,22300289,1610612757,Portland Trail Blazers,L,265,113,38,95,0.4,13,40,0.325,24,27,0.889,11,29,40,17,11,5,9,20,-5.0
12304,1610612762,Utah Jazz,W,240,115,44,95,0.463,13,43,0.302,14,15,0.933,16,36,52,26,11,6,12,18,16.0,22023,2023-11-14,POR @ UTA,22300023,1610612757,Portland Trail Blazers,L,241,99,37,88,0.42,11,35,0.314,14,20,0.7,13,30,43,23,5,6,17,15,-16.0
12305,1610612765,Detroit Pistons,L,239,101,40,90,0.444,11,29,0.379,10,11,0.909,6,32,38,24,12,4,18,31,-9.0,22023,2023-11-01,POR @ DET,22300115,1610612757,Portland Trail Blazers,W,239,110,38,81,0.469,7,20,0.35,27,33,0.818,7,37,44,23,10,7,17,15,9.0
12306,1610612746,LA Clippers,W,240,119,44,84,0.524,11,29,0.379,20,21,0.952,6,43,49,21,7,2,15,17,20.0,22023,2023-12-12,SAC @ LAC,22300309,1610612758,Sacramento Kings,L,241,99,36,86,0.419,10,37,0.27,17,24,0.708,7,31,38,27,8,2,14,19,-20.0
12307,1610612747,Los Angeles Lakers,L,239,110,42,83,0.506,11,29,0.379,15,19,0.789,7,36,43,25,12,6,23,17,-15.0,22023,2023-11-15,SAC @ LAL,22300198,1610612758,Sacramento Kings,W,240,125,48,96,0.5,16,44,0.364,13,17,0.765,11,34,45,31,20,1,15,20,15.0
12308,1610612750,Minnesota Timberwolves,L,240,111,36,82,0.439,12,33,0.364,27,29,0.931,10,34,44,25,6,9,18,18,-13.0,22023,2023-11-24,SAC @ MIN,22300050,1610612758,Sacramento Kings,W,239,124,49,100,0.49,17,35,0.486,9,11,0.818,14,32,46,25,7,4,13,19,13.0
12309,1610612756,Phoenix Suns,L,241,106,40,83,0.482,11,32,0.344,15,23,0.652,8,32,40,26,8,5,11,19,-8.0,22023,2023-12-08,SAC @ PHX,22301228,1610612758,Sacramento Kings,W,240,114,42,92,0.457,14,39,0.359,16,20,0.8,15,35,50,25,7,0,12,22,8.0
12310,1610612759,San Antonio Spurs,L,239,120,43,92,0.467,15,36,0.417,19,23,0.826,6,36,42,33,7,3,15,21,-9.0,22023,2023-11-17,SAC @ SAS,22300032,1610612758,Sacramento Kings,W,241,129,46,85,0.541,18,42,0.429,19,24,0.792,4,38,42,31,10,2,13,22,9.0
12311,1610612762,Utah Jazz,L,239,114,41,91,0.451,9,28,0.321,23,31,0.742,16,38,54,22,6,2,14,20,-16.0,22023,2023-10-25,SAC @ UTA,22300072,1610612758,Sacramento Kings,W,239,130,47,102,0.461,19,51,0.373,17,20,0.85,15,30,45,29,6,8,11,25,16.0
12312,1610612763,Memphis Grizzlies,L,241,92,30,82,0.366,12,40,0.3,20,28,0.714,1,33,34,20,4,1,8,14,-31.0,22023,2023-12-31,SAC @ MEM,22300449,1610612758,Sacramento Kings,W,239,123,47,92,0.511,16,33,0.485,13,17,0.765,9,50,59,28,2,4,12,22,31.0
12313,1610612743,Denver Nuggets,W,241,132,50,89,0.562,12,28,0.429,20,25,0.8,11,34,45,38,8,3,19,25,12.0,22023,2023-11-26,SAS @ DEN,22300252,1610612759,San Antonio Spurs,L,241,120,42,93,0.452,14,37,0.378,22,26,0.846,10,25,35,34,10,6,15,22,-12.0
12314,1610612746,LA Clippers,W,241,123,47,91,0.516,16,42,0.381,13,21,0.619,9,39,48,23,15,5,16,16,40.0,22023,2023-10-29,SAS @ LAC,22300099,1610612759,San Antonio Spurs,L,240,83,30,80,0.375,11,33,0.333,12,16,0.75,6,31,37,21,9,6,25,23,-40.0
12315,1610612750,Minnesota Timberwolves,W,240,102,36,87,0.414,12,40,0.3,18,21,0.857,11,44,55,20,4,10,14,16,8.0,22023,2023-12-06,SAS @ MIN,22301210,1610612759,San Antonio Spurs,L,239,94,38,101,0.376,8,36,0.222,10,15,0.667,13,36,49,23,7,4,11,17,-8.0
12316,1610612752,New York Knicks,W,242,126,46,100,0.46,19,42,0.452,15,22,0.682,13,34,47,28,7,0,3,14,21.0,22023,2023-11-08,SAS @ NYK,22300161,1610612759,San Antonio Spurs,L,240,105,44,90,0.489,9,34,0.265,8,13,0.615,11,35,46,31,2,7,13,22,-21.0
12317,1610612754,Indiana Pacers,W,240,152,55,95,0.579,20,38,0.526,22,23,0.957,9,40,49,38,7,4,14,24,41.0,22023,2023-11-06,SAS @ IND,22300146,1610612759,San Antonio Spurs,L,242,111,40,94,0.426,8,26,0.308,23,30,0.767,12,24,36,26,7,5,11,15,-41.0
12318,1610612756,Phoenix Suns,L,241,121,43,80,0.538,16,32,0.5,19,26,0.731,5,29,34,26,5,4,14,15,-11.0,22023,2023-11-02,SAS @ PHX,22300131,1610612759,San Antonio Spurs,W,239,132,51,98,0.52,18,37,0.486,12,13,0.923,9,32,41,37,7,5,8,21,11.0
12319,1610612756,Phoenix Suns,L,239,114,42,83,0.506,18,39,0.462,12,15,0.8,6,37,43,29,8,7,19,18,-1.0,22023,2023-10-31,SAS @ PHX,22300113,1610612759,San Antonio Spurs,W,239,115,43,92,0.467,14,37,0.378,15,20,0.75,8,29,37,25,10,9,12,17,1.0
12320,1610612760,Oklahoma City Thunder,W,241,123,46,89,0.517,15,39,0.385,16,20,0.8,4,36,40,34,19,6,15,17,36.0,22023,2023-11-14,SAS @ OKC,22300021,1610612759,San Antonio Spurs,L,241,87,36,93,0.387,9,30,0.3,6,9,0.667,13,30,43,24,7,6,24,13,-36.0
